age,alcohol_freq,devices_perday,eat_between_meals,gender,height,meals_perday,parent_overweight,physical_activity_perweek,veggies_freq,water_daily,weight,bmi_class,life,obese_level
21.0,0.0,2.0,1.0,1.0,1.62,3.0,1.0,0.0,1.0,2.0,64.0,1.0,8.0,1
23.0,2.0,2.0,1.0,0.0,1.8,3.0,1.0,4.0,1.0,2.0,77.0,1.0,14.0,1
23.2,2.0,1.0,1.0,0.0,1.8,3.0,0.0,4.0,3.0,2.0,87.0,2.0,13.0,2
22.0,1.0,1.0,1.0,0.0,1.78,1.0,0.0,0.0,1.0,2.0,90.0,2.0,8.0,3
22.0,1.0,1.0,1.0,0.0,1.64,3.0,0.0,5.0,1.0,2.0,53.0,1.0,13.0,1
24.0,2.0,2.0,1.0,0.0,1.78,3.0,1.0,2.0,3.0,2.0,64.0,1.0,15.0,1
21.0,1.0,2.0,2.0,1.0,1.72,3.0,1.0,4.0,1.0,2.0,80.0,2.0,16.0,3
22.0,1.0,1.0,1.0,0.0,1.65,3.0,0.0,4.0,3.0,3.0,56.0,1.0,15.0,1
41.0,2.0,2.0,1.0,0.0,1.8,3.0,0.0,4.0,1.0,2.0,99.0,3.0,17.0,4
27.0,1.0,1.0,1.0,0.0,1.93,1.0,1.0,2.0,1.0,1.0,102.0,2.0,10.0,3
23.0,1.0,1.0,1.0,1.0,1.65,1.0,1.0,0.0,1.0,2.0,70.0,2.0,8.0,2
22.0,0.0,3.0,1.0,0.0,1.65,3.0,1.0,5.0,1.0,2.0,80.0,2.0,12.0,3
52.0,0.0,1.0,1.0,1.0,1.69,1.0,1.0,0.0,3.0,2.0,87.0,3.0,13.0,4
22.0,1.0,1.0,1.0,1.0,1.65,3.0,1.0,2.0,3.0,2.0,60.0,1.0,13.0,1
25.8,1.0,3.0,1.0,1.0,1.6,1.0,1.0,0.0,0.0,2.0,82.0,3.0,10.0,4
21.0,1.0,2.0,1.0,0.0,1.85,3.0,1.0,0.0,1.0,2.0,68.0,1.0,10.0,1
20.0,0.0,3.0,2.0,0.0,1.6,4.0,1.0,5.0,1.0,2.0,50.0,1.0,16.0,1
21.0,3.0,3.0,2.0,0.0,1.7,1.0,1.0,2.0,1.0,2.0,65.0,1.0,14.0,1
19.0,1.0,2.0,1.0,0.0,1.75,3.0,1.0,5.0,3.0,2.0,76.0,1.0,18.0,1
23.0,2.0,3.0,1.0,0.0,1.68,3.0,0.0,4.0,1.0,2.0,70.0,1.0,14.0,1
24.0,1.0,2.0,1.0,1.0,1.77,3.0,0.0,2.0,1.0,3.0,76.0,1.0,10.0,1
39.0,1.0,1.0,1.0,0.0,1.79,1.0,0.0,0.0,1.0,2.0,96.0,2.0,8.0,3
21.0,1.0,3.0,1.0,1.0,1.5,3.0,1.0,4.0,1.0,2.0,65.0,2.0,14.0,3
22.0,0.0,1.0,1.0,1.0,1.718,3.0,0.0,4.0,1.0,1.0,49.0,0.0,10.0,1
23.0,1.0,2.0,1.0,0.0,1.65,3.0,1.0,2.0,1.0,2.0,67.0,1.0,12.0,1
21.0,1.0,1.0,1.0,1.0,1.67,3.0,1.0,2.0,1.0,2.0,75.0,2.0,11.0,2
23.0,0.0,1.0,2.0,0.0,1.68,4.0,0.0,0.0,1.0,2.0,76.4,2.0,6.0,1
21.0,0.0,1.0,1.0,1.0,1.66,3.0,1.0,0.0,0.0,1.0,64.0,1.0,6.0,1
21.0,2.0,2.0,1.0,0.0,1.66,3.0,1.0,2.0,1.0,2.0,62.0,1.0,14.0,1
21.0,0.0,1.0,0.0,0.0,1.81,3.0,0.0,4.0,0.0,2.0,80.0,1.0,9.0,1
21.0,0.0,2.0,1.0,1.0,1.53,3.0,1.0,0.0,1.0,1.0,65.0,2.0,7.0,3
21.0,1.0,1.0,2.0,0.0,1.82,3.0,1.0,4.0,0.0,3.0,72.0,1.0,14.0,1
21.0,1.0,1.0,1.0,1.0,1.55,3.0,0.0,0.0,1.0,2.0,50.0,1.0,9.0,1
21.0,1.0,2.0,1.0,1.0,1.61,3.0,1.0,0.0,3.0,3.0,54.0,1.0,11.0,1
20.0,1.0,1.0,1.0,1.0,1.5,3.0,0.0,0.0,1.0,1.0,44.0,1.0,10.0,1
20.2,0.0,3.0,1.0,1.0,1.64,1.0,0.0,4.0,3.0,2.0,52.0,1.0,16.0,1
22.0,0.0,1.0,3.0,1.0,1.6,4.0,0.0,4.0,3.0,3.0,55.0,1.0,16.0,1
22.0,1.0,2.0,1.0,0.0,1.7,3.0,1.0,0.0,1.0,1.0,70.0,1.0,11.0,1
20.0,0.0,3.0,1.0,0.0,1.76,4.0,1.0,4.0,1.0,3.0,55.0,0.0,15.0,5
21.0,1.0,2.0,1.0,1.0,1.55,3.0,1.0,5.0,1.0,3.0,49.0,1.0,15.0,1
22.0,1.0,1.0,0.0,0.0,1.67,1.0,0.0,0.0,1.0,2.0,62.0,1.0,8.0,1
22.0,1.0,3.0,1.0,0.0,1.68,3.0,1.0,0.0,1.0,2.0,55.0,1.0,13.0,1
21.0,0.0,2.0,2.0,1.0,1.66,3.0,1.0,2.0,1.0,1.0,57.0,1.0,11.0,1
27.8,0.0,2.0,2.0,1.0,1.62,3.0,1.0,0.0,0.0,2.0,69.0,2.0,9.0,2
23.0,2.0,2.0,3.0,0.0,1.65,3.0,1.0,0.0,1.0,2.0,95.0,3.0,15.0,4
30.0,2.0,1.0,0.0,0.0,1.76,3.0,1.0,0.0,0.0,2.0,112.0,4.0,12.0,6
23.0,1.0,2.0,0.0,0.0,1.8,3.0,1.0,0.0,1.0,3.0,60.0,1.0,9.0,1
22.0,1.0,2.0,0.0,1.0,1.718,3.0,1.0,4.0,3.0,3.0,50.0,0.0,16.0,5
24.0,0.0,1.0,1.0,1.0,1.65,3.0,1.0,2.0,1.0,3.0,60.0,1.0,11.0,1
19.0,1.0,2.0,1.0,0.0,1.85,3.0,1.0,4.0,1.0,3.0,65.0,1.0,13.0,1
24.0,2.0,2.0,2.0,0.0,1.7,3.0,1.0,0.0,1.0,3.0,85.0,2.0,13.0,3
23.0,0.0,1.0,1.0,1.0,1.63,3.0,1.0,4.0,3.0,3.0,45.0,0.0,15.0,5
21.2,0.0,2.0,1.0,1.0,1.65,3.0,1.0,0.0,1.0,3.0,90.0,3.0,10.0,4
23.0,1.0,1.0,1.0,0.0,1.65,3.0,1.0,0.0,1.0,2.0,60.0,1.0,8.0,1
30.0,1.0,1.0,2.0,0.0,1.8,3.0,1.0,0.0,1.0,2.0,91.0,2.0,10.0,3
23.0,0.0,2.0,3.0,0.0,1.67,3.0,1.0,0.0,1.0,2.0,86.0,3.0,11.0,4
19.0,0.0,1.0,0.0,1.0,1.6,3.0,0.0,4.0,3.0,3.0,45.0,1.0,12.0,5
25.0,1.0,2.0,2.0,0.0,1.7,3.0,1.0,0.0,1.0,2.0,83.0,2.0,11.0,3
21.0,0.0,1.0,2.0,0.0,1.85,1.0,1.0,2.0,1.0,3.0,83.0,1.0,12.0,1
19.0,0.0,1.0,1.0,0.0,1.82,3.0,1.0,0.0,1.0,2.0,87.0,2.0,8.0,2
22.0,0.0,1.0,2.0,1.0,1.65,3.0,1.0,2.0,1.0,2.0,65.0,1.0,14.0,1
29.0,2.0,2.0,1.0,1.0,1.7,3.0,1.0,4.0,3.0,1.0,78.0,2.0,18.0,3
20.6,0.0,1.0,3.0,1.0,1.63,4.0,0.0,4.0,3.0,1.0,93.0,4.0,14.0,6
20.0,2.0,2.0,3.0,1.0,1.61,3.0,1.0,0.0,3.0,2.0,64.0,1.0,15.0,1
20.0,0.0,1.0,3.0,1.0,1.6,3.0,0.0,2.0,3.0,2.0,57.0,1.0,11.0,1
24.0,0.0,1.0,1.0,1.0,1.6,3.0,0.0,4.0,3.0,2.0,48.0,1.0,14.0,1
26.0,2.0,1.0,2.0,0.0,1.7,1.0,1.0,4.0,3.0,2.0,70.0,1.0,16.0,1
23.0,1.0,1.0,1.0,1.0,1.66,3.0,1.0,5.0,1.0,2.0,60.0,1.0,13.0,1
21.0,1.0,1.0,2.0,1.0,1.52,1.0,0.0,0.0,3.0,1.0,42.0,0.0,10.0,5
21.0,1.0,1.0,2.0,1.0,1.52,1.0,0.0,0.0,3.0,1.0,42.0,0.0,10.0,5
23.0,2.0,2.0,1.0,0.0,1.72,3.0,0.0,5.0,1.0,2.0,70.0,1.0,15.0,1
21.0,1.0,1.0,1.0,1.0,1.69,1.0,0.0,0.0,3.0,1.0,60.8,1.0,10.0,1
22.0,0.0,1.0,1.0,0.0,1.7,3.0,1.0,0.0,1.0,2.0,84.2,2.0,7.0,1
21.0,1.0,1.0,2.0,1.0,1.55,4.0,0.0,4.0,1.0,2.0,57.0,1.0,17.0,1
22.0,1.0,1.0,2.0,1.0,1.65,4.0,1.0,2.0,3.0,2.0,58.0,1.0,14.0,1
38.0,1.0,1.0,1.0,1.0,1.56,3.0,1.0,0.0,1.0,2.0,80.0,3.0,11.0,4
25.0,1.0,1.0,1.0,1.0,1.57,1.0,0.0,4.0,1.0,2.0,55.0,1.0,13.0,1
25.0,1.0,1.0,1.0,1.0,1.57,1.0,0.0,4.0,1.0,2.0,55.0,1.0,13.0,1
22.0,0.0,3.0,1.0,0.0,1.75,3.0,1.0,5.0,1.0,3.0,95.0,3.0,13.0,4
21.0,0.0,2.0,1.0,1.0,1.65,1.0,1.0,4.0,3.0,3.0,88.0,3.0,16.0,4
21.0,1.0,2.0,1.0,0.0,1.75,3.0,1.0,0.0,3.0,2.0,75.0,1.0,12.0,1
22.0,0.0,1.0,1.0,1.0,1.58,1.0,1.0,0.0,1.0,1.0,58.0,1.0,7.0,1
18.0,1.0,1.0,2.0,1.0,1.56,4.0,1.0,2.0,1.0,2.0,51.0,1.0,12.0,1
22.0,0.0,1.0,1.0,1.0,1.5,1.0,1.0,5.0,1.0,2.0,49.0,1.0,10.0,1
19.0,2.0,1.0,2.0,1.0,1.61,1.0,1.0,2.0,3.0,2.0,62.0,1.0,15.0,1
17.0,0.0,2.0,2.0,1.0,1.75,3.0,1.0,0.0,3.0,2.0,57.0,1.0,12.0,1
19.0,1.0,2.0,2.0,1.0,1.63,3.0,1.0,4.0,3.0,3.0,76.0,2.0,20.0,3
23.0,0.0,3.0,2.0,1.0,1.67,3.0,1.0,0.0,1.0,2.0,75.0,2.0,10.0,2
23.0,0.0,3.0,2.0,0.0,1.87,3.0,1.0,0.0,0.0,2.0,95.0,2.0,10.0,3
21.0,0.0,1.0,2.0,0.0,1.75,4.0,1.0,2.0,3.0,1.0,50.0,0.0,9.0,5
24.0,0.0,1.0,1.0,0.0,1.66,1.0,1.0,2.0,3.0,2.0,67.0,1.0,12.0,1
18.0,2.0,1.0,3.0,0.0,1.75,3.0,1.0,0.0,1.0,2.0,80.0,2.0,12.0,2
19.0,1.0,1.0,1.0,0.0,1.67,3.0,0.0,2.0,1.0,2.0,68.0,1.0,11.0,1
19.0,1.0,1.0,1.0,1.0,1.65,1.0,0.0,2.0,3.0,3.0,61.0,1.0,15.0,1
20.0,1.0,1.0,2.0,0.0,1.72,3.0,1.0,0.0,3.0,1.0,70.0,1.0,11.0,1
27.0,2.0,2.0,1.0,0.0,1.7,3.0,0.0,2.0,3.0,3.0,78.0,2.0,16.0,3
20.0,0.0,2.0,2.0,1.0,1.58,4.0,1.0,2.0,1.0,2.0,53.0,1.0,12.0,1
23.0,0.0,1.0,1.0,0.0,1.62,3.0,0.0,2.0,1.0,1.0,58.0,1.0,8.0,1
19.0,2.0,3.0,2.0,1.0,1.65,3.0,1.0,2.0,3.0,3.0,56.0,1.0,20.0,1
30.0,1.0,1.0,1.0,0.0,1.752,3.0,1.0,4.0,3.0,1.0,109.0,4.0,16.0,4
25.0,1.0,2.0,1.0,0.0,1.79,3.0,1.0,2.0,1.0,2.0,72.0,1.0,12.0,1
44.0,0.0,1.0,1.0,0.0,1.6,3.0,1.0,0.0,1.0,3.0,80.0,3.0,10.0,4
31.0,0.0,1.0,3.0,0.0,1.76,3.0,1.0,5.0,3.0,3.0,75.0,1.0,17.0,1
25.0,0.0,2.0,2.0,0.0,1.7,3.0,0.0,0.0,1.0,2.0,68.0,1.0,10.0,1
23.0,1.0,2.0,2.0,0.0,1.89,3.0,1.0,2.0,3.0,3.0,65.0,0.0,16.0,5
23.0,0.0,2.0,2.0,0.0,1.74,3.0,0.0,2.0,1.0,1.0,94.0,3.0,14.0,4
34.0,1.0,1.0,1.0,1.0,1.68,1.0,0.0,0.0,3.0,1.0,75.0,2.0,12.0,2
22.0,1.0,3.0,1.0,0.0,1.61,4.0,1.0,4.0,1.0,3.0,67.0,2.0,16.0,2
24.0,2.0,3.0,2.0,1.0,1.56,3.0,0.0,4.0,3.0,2.0,51.0,1.0,18.0,1
36.0,1.0,1.0,1.0,1.0,1.63,3.0,1.0,0.0,3.0,1.0,80.0,3.0,11.0,4
32.0,1.0,1.0,1.0,1.0,1.67,1.0,1.0,4.0,3.0,2.0,90.0,3.0,17.0,4
25.0,1.0,2.0,1.0,0.0,1.78,1.0,1.0,4.0,1.0,2.0,78.0,1.0,14.0,1
30.0,1.0,1.0,1.0,1.0,1.62,3.0,1.0,4.0,3.0,2.0,84.0,3.0,17.0,1
22.0,1.0,1.0,1.0,0.0,1.74,3.0,1.0,0.0,1.0,2.0,94.0,3.0,9.0,4
31.0,1.0,2.0,2.0,1.0,1.68,1.0,1.0,2.0,3.0,2.0,63.0,1.0,15.0,1
21.0,1.0,2.0,2.0,0.0,1.67,3.0,1.0,4.0,1.0,2.0,60.0,1.0,15.0,1
40.0,1.0,1.0,1.0,1.0,1.55,3.0,1.0,0.0,3.0,3.0,62.0,2.0,13.0,2
27.0,2.0,1.0,1.0,0.0,1.64,1.0,1.0,0.0,1.0,2.0,78.0,2.0,12.0,3
20.0,1.0,2.0,1.0,0.0,1.83,3.0,1.0,4.0,3.0,1.0,72.0,1.0,15.0,1
25.0,0.0,1.0,2.0,0.0,1.89,3.0,0.0,5.0,3.0,2.0,75.0,1.0,16.0,1
35.0,1.0,2.0,2.0,0.0,1.77,3.0,1.0,4.0,3.0,3.0,85.0,2.0,19.0,3
30.0,1.0,1.0,1.0,0.0,1.92,3.0,1.0,2.0,1.0,1.0,130.0,4.0,10.0,6
29.0,1.0,1.0,3.0,1.0,1.74,3.0,1.0,0.0,3.0,2.0,72.0,1.0,14.0,1
20.0,0.0,3.0,1.0,0.0,1.65,3.0,1.0,2.0,1.0,2.0,80.0,2.0,9.0,3
22.0,1.0,1.0,1.0,1.0,1.73,1.0,1.0,0.0,1.0,2.0,79.0,2.0,9.0,2
45.0,0.0,1.0,2.0,1.0,1.63,3.0,1.0,0.0,1.0,1.0,77.0,2.0,10.0,3
22.0,1.0,2.0,1.0,0.0,1.72,1.0,0.0,4.0,1.0,2.0,82.0,2.0,14.0,3
18.0,1.0,1.0,2.0,0.0,1.6,3.0,1.0,2.0,1.0,2.0,58.0,1.0,12.0,1
23.0,1.0,3.0,1.0,1.0,1.65,1.0,0.0,2.0,3.0,2.0,59.0,1.0,14.0,1
18.0,0.0,2.0,1.0,0.0,1.74,3.0,0.0,0.0,3.0,2.0,64.0,1.0,11.0,1
21.0,1.0,1.0,0.0,0.0,1.62,1.0,0.0,2.0,1.0,3.0,70.0,2.0,11.0,2
18.0,0.0,1.0,3.0,1.0,1.57,1.0,1.0,2.0,3.0,1.0,48.0,1.0,13.0,1
22.0,1.0,1.0,2.0,0.0,1.84,3.0,1.0,0.0,3.0,2.0,84.0,1.0,13.0,1
26.0,2.0,3.0,2.0,0.0,1.91,3.0,1.0,4.0,3.0,2.0,84.0,1.0,20.0,1
21.0,1.0,1.0,0.0,0.0,1.62,1.0,0.0,2.0,1.0,3.0,70.0,2.0,11.0,2
18.0,0.0,1.0,1.0,1.0,1.58,3.0,0.0,2.0,1.0,2.0,48.0,1.0,10.0,1
23.0,1.0,1.0,2.0,1.0,1.68,3.0,1.0,0.0,1.0,1.0,67.0,1.0,9.0,1
23.0,1.0,1.0,1.0,1.0,1.48,1.0,1.0,0.0,1.0,1.0,60.0,2.0,9.0,3
21.0,1.0,1.0,0.0,0.0,1.62,1.0,0.0,2.0,1.0,3.0,70.0,2.0,11.0,2
31.0,1.0,1.0,1.0,1.0,1.62,3.0,0.0,2.0,3.0,2.0,68.0,2.0,14.0,2
39.0,2.0,1.0,1.0,0.0,1.78,3.0,1.0,2.0,1.0,3.0,96.0,3.0,14.0,4
35.0,2.0,2.0,0.0,0.0,1.78,1.0,1.0,5.0,3.0,3.0,105.0,3.0,20.0,4
33.0,0.0,2.0,1.0,1.0,1.63,3.0,1.0,2.0,1.0,2.0,62.0,1.0,11.0,1
20.0,1.0,1.0,1.0,0.0,1.6,3.0,0.0,2.0,1.0,2.0,56.0,1.0,11.0,1
20.0,1.0,1.0,1.0,0.0,1.83,3.0,1.0,5.0,3.0,3.0,85.0,2.0,19.0,2
20.0,0.0,2.0,2.0,0.0,1.78,1.0,0.0,4.0,1.0,3.0,68.0,1.0,15.0,1
19.0,1.0,2.0,1.0,0.0,1.8,3.0,1.0,2.0,3.0,2.0,81.2,1.0,12.0,2
22.0,1.0,3.0,1.0,0.0,1.75,3.0,1.0,2.0,1.0,2.0,74.0,1.0,11.0,1
41.0,1.0,1.0,1.0,0.0,1.75,3.0,1.0,0.0,1.0,2.0,110.4,4.0,8.0,6
18.0,0.0,3.0,2.0,1.0,1.59,1.0,1.0,0.0,1.0,1.0,40.0,0.0,10.0,5
23.0,1.0,2.0,1.0,1.0,1.66,1.0,1.0,2.0,1.0,1.0,60.0,1.0,11.0,1
41.0,1.0,1.0,3.0,1.0,1.54,3.0,1.0,0.0,1.0,1.0,80.0,3.0,12.0,4
29.0,1.0,1.0,1.0,0.0,1.69,3.0,1.0,2.0,1.0,3.0,90.0,3.0,13.0,4
27.0,0.0,3.0,1.0,0.0,1.83,3.0,1.0,5.0,1.0,2.0,71.0,1.0,17.0,1
23.0,2.0,1.0,1.0,1.0,1.6,1.0,1.0,2.0,3.0,2.0,78.0,3.0,15.0,4
30.0,1.0,1.0,0.0,0.0,1.75,3.0,1.0,2.0,1.0,2.0,73.0,1.0,7.0,1
22.0,1.0,2.0,1.0,1.0,1.69,3.0,1.0,2.0,1.0,2.0,65.0,1.0,12.0,1
22.0,1.0,2.0,1.0,1.0,1.69,3.0,1.0,2.0,1.0,2.0,65.0,1.0,12.0,1
20.0,0.0,2.0,2.0,0.0,1.8,3.0,1.0,0.0,1.0,2.0,114.0,4.0,10.0,6
21.0,0.0,2.0,1.0,1.0,1.63,1.0,0.0,2.0,1.0,1.0,51.0,1.0,10.0,1
24.0,0.0,1.0,1.0,1.0,1.5,1.0,1.0,0.0,1.0,2.0,63.0,2.0,7.0,3
21.0,0.0,1.0,1.0,0.0,1.8,3.0,1.0,2.0,3.0,2.0,62.0,1.0,12.0,1
21.0,1.0,1.0,1.0,0.0,1.65,3.0,1.0,2.0,1.0,2.0,53.0,1.0,11.0,1
23.0,1.0,1.0,2.0,1.0,1.6,3.0,0.0,5.0,3.0,2.0,63.0,1.0,14.0,1
21.0,0.0,1.0,1.0,1.0,1.5,1.0,1.0,5.0,0.0,2.0,42.0,1.0,11.0,1
21.0,1.0,1.0,1.0,1.0,1.6,3.0,1.0,2.0,1.0,3.0,68.0,2.0,12.0,2
23.0,1.0,2.0,1.0,0.0,1.72,1.0,1.0,2.0,1.0,1.0,82.0,2.0,11.0,3
21.0,0.0,3.0,3.0,1.0,1.72,4.0,1.0,0.0,3.0,3.0,66.0,1.0,15.0,1
23.0,0.0,1.0,1.0,1.0,1.63,1.0,1.0,0.0,1.0,2.0,82.0,3.0,8.0,4
25.0,1.0,1.0,1.0,0.0,1.83,3.0,1.0,4.0,3.0,3.0,121.0,4.0,13.0,6
20.0,0.0,2.0,1.0,1.0,1.6,3.0,0.0,0.0,1.0,1.0,50.0,1.0,10.0,1
40.0,0.0,1.0,1.0,1.0,1.68,3.0,0.0,0.0,3.0,3.0,80.0,2.0,12.0,3
20.0,1.0,1.0,1.0,0.0,1.9,4.0,1.0,4.0,3.0,3.0,91.0,2.0,14.0,2
21.0,1.0,1.0,1.0,1.0,1.63,1.0,1.0,0.0,3.0,3.0,66.0,1.0,13.0,1
51.0,0.0,1.0,1.0,1.0,1.59,3.0,1.0,4.0,3.0,3.0,68.8,2.0,16.0,1
19.0,0.0,1.0,0.0,1.0,1.59,1.0,1.0,4.0,1.0,2.0,49.0,1.0,11.0,1
19.0,0.0,1.0,0.0,1.0,1.69,1.0,1.0,4.0,1.0,2.0,70.0,1.0,10.0,1
21.0,0.0,2.0,3.0,1.0,1.66,3.0,0.0,5.0,0.0,2.0,59.0,1.0,18.0,1
19.0,0.0,2.0,1.0,1.0,1.64,3.0,1.0,2.0,3.0,1.0,53.0,1.0,12.0,1
20.0,0.0,2.0,1.0,1.0,1.62,1.0,0.0,2.0,3.0,3.0,58.2,1.0,14.0,1
19.0,0.0,2.0,0.0,1.0,1.7,3.0,1.0,5.0,3.0,3.0,64.0,1.0,17.0,1
22.0,0.0,1.0,1.0,0.0,1.6,3.0,0.0,5.0,3.0,2.0,66.0,2.0,14.0,2
20.0,0.0,3.0,3.0,1.0,1.63,3.0,1.0,0.0,0.0,2.0,64.0,1.0,13.0,1
33.0,1.0,1.0,1.0,0.0,1.85,3.0,1.0,2.0,1.0,3.0,99.0,2.0,15.0,3
21.0,1.0,2.0,1.0,1.0,1.54,1.0,1.0,4.0,1.0,2.0,49.0,1.0,14.0,1
20.0,1.0,2.0,1.0,1.0,1.57,3.0,0.0,0.0,3.0,3.0,60.0,1.0,13.0,1
20.0,0.0,2.0,2.0,1.0,1.62,3.0,0.0,5.0,3.0,1.0,52.0,1.0,18.0,1
21.0,1.0,1.0,3.0,0.0,1.72,3.0,1.0,5.0,3.0,3.0,72.0,1.0,22.0,1
20.0,0.0,2.0,1.0,1.0,1.65,1.0,1.0,2.0,3.0,2.0,75.0,2.0,13.0,3
19.0,0.0,1.0,1.0,0.0,1.78,3.0,1.0,5.0,0.0,2.0,94.8,2.0,10.0,2
18.0,1.0,1.0,1.0,0.0,1.75,3.0,1.0,2.0,1.0,3.0,85.0,2.0,11.0,3
19.0,0.0,3.0,1.0,0.0,1.85,3.0,1.0,2.0,1.0,3.0,115.0,3.0,13.0,4
18.0,0.0,1.0,1.0,0.0,1.7,1.0,0.0,2.0,3.0,1.0,80.0,2.0,10.0,3
28.0,1.0,1.0,2.0,1.0,1.7,3.0,1.0,4.0,1.0,2.0,73.0,2.0,12.0,2
23.0,0.0,3.0,2.0,0.0,1.74,3.0,0.0,5.0,1.0,1.0,53.0,0.0,15.0,5
18.0,1.0,2.0,2.0,0.0,1.7,3.0,0.0,4.0,0.0,1.0,50.0,0.0,13.0,5
39.0,1.0,1.0,2.0,1.0,1.65,4.0,0.0,0.0,3.0,2.0,50.0,0.0,12.0,5
17.0,0.0,3.0,3.0,0.0,1.67,4.0,0.0,0.0,1.0,1.0,60.0,1.0,10.0,1
23.0,1.0,2.0,1.0,0.0,1.72,3.0,1.0,0.0,1.0,2.0,75.6,2.0,10.0,1
23.0,1.0,2.0,1.0,0.0,1.82,3.0,0.0,0.0,1.0,3.0,107.0,3.0,11.0,4
19.0,1.0,3.0,2.0,1.0,1.5,3.0,0.0,0.0,1.0,1.0,57.199999999999996,1.0,11.0,1
18.0,0.0,2.0,1.0,0.0,1.7,3.0,0.0,4.0,1.0,2.0,60.0,1.0,13.0,1
25.0,1.0,1.0,2.0,0.0,1.71,3.0,1.0,0.0,1.0,2.0,71.0,1.0,11.0,1
25.0,1.0,2.0,1.0,1.0,1.61,3.0,1.0,4.0,1.0,1.0,61.0,1.0,12.0,1
18.0,1.0,2.0,2.0,1.0,1.5,3.0,1.0,0.0,3.0,2.0,50.0,1.0,13.0,1
21.0,1.0,3.0,3.0,0.0,1.82,4.0,0.0,5.0,1.0,3.0,67.0,1.0,18.0,1
32.0,1.0,1.0,1.0,1.0,1.57,3.0,1.0,0.0,3.0,2.0,57.0,1.0,13.0,1
21.0,1.0,1.0,2.0,0.0,1.75,4.0,0.0,0.0,3.0,2.0,62.0,1.0,13.0,1
18.0,1.0,1.0,2.0,0.0,1.7,3.0,1.0,0.0,1.0,2.0,55.0,1.0,10.0,1
18.0,0.0,2.0,2.0,1.0,1.62,3.0,1.0,2.0,1.0,1.0,55.0,1.0,11.0,1
17.0,1.0,2.0,1.0,0.0,1.69,3.0,0.0,4.0,1.0,3.0,60.0,1.0,12.0,1
20.0,1.0,2.0,1.0,0.0,1.77,1.0,1.0,2.0,0.0,2.0,70.0,1.0,11.0,1
21.0,1.0,1.0,3.0,0.0,1.79,3.0,1.0,0.0,1.0,1.0,105.0,3.0,10.0,4
21.0,1.0,2.0,1.0,1.0,1.6,3.0,0.0,2.0,1.0,1.0,61.0,1.0,11.0,1
18.0,1.0,1.0,1.0,1.0,1.6,3.0,1.0,0.0,1.0,3.0,77.8,2.0,10.0,1
17.0,0.0,3.0,1.0,1.0,1.56,3.0,0.0,0.0,3.0,1.0,51.0,1.0,11.0,1
16.0,1.0,2.0,2.0,0.0,1.82,3.0,1.0,4.0,1.0,2.0,71.0,1.0,15.0,1
17.0,0.0,2.0,2.0,0.0,1.8,3.0,0.0,4.0,1.0,2.0,58.0,1.0,12.0,5
21.0,0.0,2.0,1.0,0.0,1.7,3.0,1.0,2.0,1.0,1.0,65.0,1.0,10.0,1
19.0,0.0,1.0,2.0,0.0,1.82,3.0,1.0,2.0,1.0,2.0,75.0,1.0,10.0,1
16.0,0.0,2.0,1.0,1.0,1.66,1.0,0.0,0.0,1.0,1.0,58.0,1.0,5.0,1
21.0,1.0,2.0,1.0,1.0,1.53,3.0,0.0,4.0,3.0,2.0,53.0,1.0,16.0,1
26.0,0.0,1.0,1.0,0.0,1.74,3.0,0.0,4.0,1.0,2.0,80.0,2.0,13.0,2
18.0,0.0,2.0,2.0,0.0,1.8,2.4,1.0,0.0,1.0,1.0,80.0,1.0,9.0,1
18.0,1.0,2.0,1.0,0.0,1.72,4.0,0.0,4.0,1.0,2.0,55.0,1.0,14.0,1
20.0,1.0,2.0,1.0,0.0,1.8,3.0,1.0,4.0,1.0,3.0,85.0,2.0,14.0,2
26.0,1.0,2.0,1.0,0.0,1.75,3.0,1.0,4.0,1.0,2.0,120.0,4.0,15.0,6
24.0,1.0,3.0,3.0,1.0,1.56,3.0,1.0,0.0,0.0,2.0,60.0,1.0,12.0,1
23.0,1.0,3.0,2.0,1.0,1.59,1.0,0.0,0.0,1.0,1.0,48.0,1.0,11.0,1
20.0,1.0,1.0,3.0,0.0,1.8,4.0,0.0,4.0,3.0,3.0,75.0,1.0,18.0,1
16.0,0.0,2.0,1.0,1.0,1.66,1.0,0.0,0.0,1.0,1.0,66.6,1.0,5.0,1
16.0,0.0,1.0,1.0,1.0,1.6,3.0,0.0,5.0,3.0,1.0,57.0,1.0,14.0,1
17.0,1.0,2.0,3.0,0.0,1.66,3.0,1.0,2.0,0.0,2.0,72.6,2.0,13.0,1
26.0,1.0,1.0,3.0,0.0,1.7,3.0,0.0,0.0,1.0,2.0,79.8,2.0,11.0,1
38.0,0.0,2.0,2.0,0.0,1.75,3.0,1.0,4.0,3.0,1.0,75.0,1.0,16.0,1
25.0,1.0,1.0,2.0,1.0,1.56,3.0,0.0,0.0,1.0,1.0,45.0,0.0,9.0,1
27.0,1.0,2.0,1.0,1.0,1.55,3.0,0.0,0.0,1.0,1.0,63.0,2.0,11.0,2
38.0,0.0,2.0,2.0,0.0,1.75,3.0,1.0,5.0,3.0,1.0,75.0,1.0,17.0,1
18.0,1.0,1.0,1.0,0.0,1.8,3.0,1.0,5.0,1.0,2.0,72.0,1.0,16.0,1
30.0,1.0,1.0,1.0,1.0,1.65,3.0,1.0,0.0,1.0,1.0,71.0,2.0,8.0,2
21.0,1.0,1.0,1.0,1.0,1.55,1.0,0.0,2.0,1.0,1.0,58.0,1.0,10.0,1
22.4,1.0,1.0,1.0,0.0,1.7,3.0,1.0,5.0,3.0,2.0,74.6,2.0,16.0,1
23.0,1.0,1.0,2.0,0.0,1.72,4.0,1.0,0.0,3.0,1.0,76.0,2.0,10.0,2
19.0,1.0,2.0,1.0,0.0,1.74,1.0,1.0,5.0,3.0,3.0,74.0,1.0,15.0,1
19.0,1.0,2.0,1.0,1.0,1.65,3.0,1.0,0.0,3.0,1.0,82.0,2.0,11.0,4
17.0,1.0,2.0,2.0,1.0,1.8,4.0,0.0,4.0,3.0,1.0,50.0,0.0,16.0,5
17.0,0.0,2.0,1.0,0.0,1.74,3.0,1.0,4.0,1.0,2.0,56.0,1.0,13.0,1
27.0,0.0,1.0,1.0,0.0,1.85,1.0,1.0,2.0,1.0,2.0,75.0,1.0,8.0,1
18.0,2.0,3.0,2.0,1.0,1.45,3.0,0.0,2.0,1.0,2.0,53.0,1.0,16.0,2
20.0,0.0,2.0,1.0,0.0,1.7,3.0,0.0,0.0,1.0,2.0,65.0,1.0,9.0,1
18.0,0.0,3.0,2.0,0.0,1.78,3.0,1.0,5.0,3.0,2.0,64.0,1.0,16.0,1
16.4,1.0,3.0,1.0,1.0,1.6,1.0,0.0,2.0,3.0,2.0,65.0,2.0,16.0,2
19.0,2.0,1.0,1.0,1.0,1.53,3.0,0.0,4.0,1.0,1.0,42.0,1.0,13.0,5
21.0,0.0,2.0,1.0,0.0,1.8,3.0,0.0,2.0,3.0,2.0,72.0,1.0,13.0,1
20.0,1.0,1.0,1.0,0.0,1.6,3.0,0.0,0.0,1.0,1.0,50.0,1.0,7.0,1
23.0,0.0,1.0,1.0,0.0,1.65,3.0,0.0,5.0,3.0,2.0,66.0,1.0,14.0,1
17.0,1.0,2.0,3.0,0.0,1.7,3.0,0.0,0.0,3.0,2.0,55.0,1.0,14.0,1
21.0,0.0,1.0,3.0,1.0,1.54,3.0,1.0,4.0,3.0,1.0,47.0,1.0,14.0,1
17.0,1.0,2.0,1.0,0.0,1.8,3.0,1.0,2.0,1.0,3.0,97.0,2.0,13.0,3
18.0,0.0,3.0,1.0,0.0,1.82,3.0,1.0,5.0,1.0,2.0,80.0,1.0,13.0,1
20.0,1.0,2.0,3.0,0.0,1.98,3.0,1.0,2.0,1.0,3.0,125.0,3.0,15.0,4
17.0,1.0,3.0,1.0,0.0,1.75,3.0,1.0,5.0,1.0,1.0,70.0,1.0,12.0,1
26.0,0.0,1.0,3.0,1.0,1.65,4.0,0.0,4.0,3.0,2.0,60.0,1.0,13.0,1
17.0,1.0,3.0,1.0,1.0,1.6,3.0,0.0,4.0,0.0,1.0,53.0,1.0,11.0,1
17.0,0.0,3.0,1.0,1.0,1.6,3.0,0.0,2.0,1.0,2.0,59.0,1.0,12.0,1
27.0,1.0,1.0,1.0,1.0,1.55,1.0,0.0,2.0,3.0,1.0,62.0,2.0,12.0,2
17.0,0.0,2.0,1.0,0.0,1.9,3.0,0.0,5.0,3.0,2.0,60.0,0.0,13.0,5
17.0,0.0,2.0,1.0,1.0,1.7,3.0,1.0,2.0,0.0,1.0,56.0,1.0,11.0,1
41.0,2.0,1.0,1.0,0.0,1.75,1.0,1.0,2.0,1.0,1.0,110.0,4.0,12.0,6
20.0,1.0,2.0,2.0,0.0,1.87,3.0,0.0,2.0,1.0,1.0,75.0,1.0,12.0,1
37.0,1.0,1.0,1.0,1.0,1.65,3.0,1.0,2.0,3.0,2.0,73.0,2.0,14.0,2
19.0,1.0,2.0,1.0,0.0,1.8,1.0,0.0,4.0,1.0,2.0,80.0,1.0,14.0,1
24.0,1.0,2.0,3.0,0.0,1.84,1.0,1.0,4.0,1.0,2.0,86.0,2.0,16.0,2
24.0,1.0,1.0,1.0,0.0,1.7,3.0,0.0,0.0,3.0,2.0,68.0,1.0,12.0,1
33.0,1.0,1.0,1.0,0.0,1.72,1.0,1.0,5.0,1.0,2.0,83.0,2.0,16.0,3
40.0,1.0,2.0,2.0,1.0,1.58,3.0,0.0,5.0,1.0,2.0,63.0,2.0,16.0,2
37.0,0.0,1.0,1.0,1.0,1.68,1.0,1.0,0.0,1.0,2.0,83.0,2.0,10.0,3
20.0,1.0,2.0,2.0,1.0,1.58,3.0,0.0,5.0,3.0,2.0,74.0,2.0,17.0,3
19.0,0.0,2.0,1.0,0.0,1.8,3.0,0.0,2.0,1.0,1.0,60.0,1.0,10.0,1
17.0,1.0,3.0,3.0,0.0,1.62,1.0,1.0,2.0,3.0,2.0,69.0,2.0,18.0,2
18.0,0.0,3.0,1.0,1.0,1.62,3.0,0.0,0.0,3.0,1.0,58.0,1.0,13.0,1
21.0,1.0,3.0,1.0,1.0,1.54,1.0,0.0,0.0,1.0,2.0,56.0,1.0,11.0,1
18.0,1.0,2.0,2.0,0.0,1.76,4.0,1.0,4.0,1.0,2.0,70.0,1.0,17.0,1
41.0,1.0,1.0,2.0,0.0,1.8,1.0,1.0,2.0,1.0,3.0,92.0,2.0,15.0,3
18.0,1.0,2.0,2.0,0.0,1.76,4.0,0.0,2.0,1.0,2.0,68.0,1.0,12.0,1
18.0,1.0,2.0,2.0,0.0,1.73,3.0,0.0,4.0,3.0,1.0,70.0,1.0,16.0,1
25.0,0.0,1.0,1.0,0.0,1.7,3.0,0.0,5.0,3.0,3.0,83.0,2.0,17.0,3
21.0,1.0,1.0,2.0,0.0,1.8,3.0,1.0,4.0,3.0,1.0,75.0,1.0,15.0,1
29.0,1.0,2.0,2.0,1.0,1.6,3.0,1.0,0.0,1.0,1.0,56.0,1.0,9.0,1
17.0,1.0,2.0,1.0,0.0,1.7,3.0,1.0,0.0,1.0,2.0,98.0,3.0,11.0,4
37.0,1.0,1.0,2.0,1.0,1.5,3.0,1.0,0.0,1.0,2.0,75.0,3.0,11.0,4
18.0,0.0,1.0,1.0,0.0,1.78,3.0,1.0,0.0,1.0,3.0,108.0,3.0,8.0,4
16.0,0.0,1.0,1.0,1.0,1.61,1.0,1.0,0.0,0.0,2.0,65.0,2.0,7.0,2
18.0,0.0,3.0,2.0,0.0,1.76,3.0,0.0,4.0,3.0,3.0,70.0,1.0,17.0,1
17.0,0.0,2.0,1.0,1.0,1.53,3.0,1.0,0.0,1.0,1.0,55.0,1.0,8.0,1
20.0,1.0,3.0,1.0,1.0,1.54,3.0,1.0,5.0,0.0,2.0,39.0,0.0,15.0,5
38.0,2.0,1.0,1.0,1.0,1.55,3.0,1.0,4.0,3.0,1.0,59.0,1.0,16.0,1
20.0,0.0,1.0,2.0,0.0,1.66,4.0,0.0,0.0,1.0,3.0,60.0,1.0,10.0,1
21.0,1.0,1.0,3.0,0.0,1.85,1.0,1.0,0.0,3.0,1.0,125.0,4.0,12.0,6
18.0,0.0,1.0,1.0,0.0,1.65,3.0,1.0,0.0,1.0,2.0,70.0,2.0,7.0,2
26.0,1.0,2.0,3.0,0.0,1.83,3.0,0.0,2.0,1.0,2.0,82.0,1.0,14.0,1
26.0,0.0,1.0,1.0,1.0,1.66,3.0,1.0,0.0,3.0,3.0,112.0,5.0,12.0,7
34.0,1.0,2.0,1.0,0.0,1.78,3.0,0.0,5.0,1.0,2.0,73.0,1.0,17.0,1
33.0,1.0,2.0,1.0,0.0,1.76,3.0,0.0,5.0,1.0,2.0,66.0,1.0,16.0,1
19.0,1.0,3.0,2.0,1.0,1.51,3.0,1.0,2.0,3.0,1.0,59.0,1.0,13.0,2
20.0,1.0,1.0,1.0,0.0,1.81,1.0,1.0,0.0,3.0,2.0,79.0,1.0,10.0,1
33.0,0.0,2.0,1.0,1.0,1.55,1.0,1.0,4.0,3.0,3.0,55.0,1.0,16.0,1
20.0,0.0,2.0,1.0,0.0,1.83,3.0,0.0,2.0,1.0,2.0,66.0,1.0,10.0,1
20.0,1.0,1.0,1.0,1.0,1.6,3.0,0.0,0.0,3.0,2.0,65.0,2.0,11.0,2
33.0,1.0,1.0,2.0,0.0,1.85,3.0,0.0,2.0,1.0,2.0,85.0,1.0,14.0,1
33.0,1.0,1.0,1.0,0.0,1.75,3.0,0.0,2.0,1.0,2.0,85.0,2.0,11.0,3
33.0,2.0,3.0,3.0,0.0,1.83,1.0,1.0,2.0,1.0,2.0,113.0,3.0,18.0,4
25.8,0.0,2.0,1.0,0.0,1.71,3.0,1.0,4.0,3.0,3.0,83.6,2.0,14.0,1
34.0,0.0,2.0,1.0,0.0,1.84,3.0,0.0,4.0,3.0,1.0,88.0,2.0,17.0,2
18.0,2.0,2.0,1.0,0.0,1.77,3.0,1.0,2.0,3.0,2.0,87.0,2.0,15.0,3
18.0,1.0,1.0,1.0,0.0,1.7,3.0,0.0,4.0,3.0,2.0,90.0,2.0,15.0,4
29.0,1.0,1.0,1.0,0.0,1.62,3.0,1.0,0.0,0.0,1.0,89.0,3.0,7.0,4
18.0,1.0,1.0,1.0,0.0,1.85,4.0,1.0,4.0,3.0,2.0,60.0,0.0,17.0,5
18.0,1.0,1.0,1.0,0.0,1.84,4.0,1.0,4.0,3.0,2.0,60.0,1.0,18.0,5
19.0,1.0,1.0,1.0,0.0,1.75,3.0,0.0,4.0,1.0,2.0,58.0,1.0,12.0,1
33.0,1.0,2.0,1.0,0.0,1.85,3.0,1.0,2.0,1.0,1.0,93.0,2.0,9.0,3
33.0,1.0,3.0,1.0,0.0,1.74,3.0,0.0,0.0,1.0,1.0,76.0,2.0,7.0,2
22.0,0.0,2.0,1.0,0.0,1.75,3.0,0.0,2.0,1.0,3.0,70.0,1.0,11.0,1
23.0,1.0,2.0,2.0,0.0,1.7,1.0,0.0,4.0,3.0,1.0,69.0,1.0,16.0,1
25.4,1.0,1.0,2.0,0.0,1.9,3.0,1.0,2.0,1.0,1.0,80.0,1.0,14.0,1
24.4,1.0,1.0,1.0,0.0,1.65,3.0,0.0,2.0,1.0,1.0,85.0,3.0,10.0,4
18.0,1.0,2.0,2.0,1.0,1.6,4.0,0.0,4.0,1.0,2.0,55.0,1.0,15.0,1
19.0,0.0,1.0,1.0,0.0,1.8,3.0,0.0,4.0,3.0,1.0,70.0,1.0,13.0,1
23.2,1.0,2.0,1.0,1.0,1.64,3.0,1.0,2.0,1.0,1.0,59.0,1.0,11.0,1
19.0,2.0,2.0,2.0,0.0,1.89,4.0,0.0,5.0,1.0,2.0,87.0,1.0,19.0,1
19.0,0.0,2.0,1.0,1.0,1.76,1.0,1.0,5.0,1.0,3.0,80.0,1.0,15.0,2
18.0,1.0,1.0,2.0,1.0,1.6,1.0,1.0,2.0,1.0,2.0,56.0,1.0,10.0,1
19.0,1.0,2.0,2.0,1.0,1.6,3.0,0.0,0.0,1.0,2.0,60.0,1.0,11.0,1
18.0,0.0,1.0,2.0,1.0,1.55,3.0,1.0,2.0,3.0,1.0,50.0,1.0,12.0,1
22.8,1.0,2.0,1.0,0.0,1.72,3.0,1.0,0.0,1.0,2.0,65.0,1.0,8.0,1
19.0,1.0,1.0,1.0,0.0,1.7,1.0,1.0,4.0,1.0,2.0,60.0,1.0,13.0,1
19.0,1.0,1.0,1.0,1.0,1.51,4.0,0.0,5.0,1.0,1.0,45.0,1.0,13.0,1
19.0,1.0,2.0,1.0,0.0,1.8,4.0,1.0,4.0,1.0,2.0,87.0,2.0,14.0,2
24.0,1.0,3.0,1.0,1.0,1.6,1.0,1.0,0.0,3.0,1.0,100.0,4.0,12.0,6
18.0,1.0,3.0,1.0,1.0,1.63,3.0,1.0,4.0,0.0,2.0,63.0,1.0,14.0,1
19.0,0.0,1.0,2.0,0.0,1.7,3.0,1.0,2.0,1.0,1.0,65.0,1.0,9.0,1
20.0,0.0,1.0,1.0,1.0,1.68,1.0,0.0,2.0,3.0,1.0,68.0,1.0,11.0,1
18.0,1.0,2.0,2.0,0.0,1.85,3.0,0.0,2.0,1.0,1.0,66.0,1.0,12.0,1
33.0,0.0,1.0,1.0,1.0,1.59,1.0,0.0,0.0,3.0,2.0,60.0,1.0,10.0,1
18.0,0.0,2.0,2.0,1.0,1.62,3.0,1.0,2.0,1.0,1.0,55.0,1.0,11.0,1
27.0,1.0,1.0,3.0,0.0,1.72,1.0,1.0,0.0,1.0,2.0,88.0,2.0,13.0,3
17.0,1.0,2.0,1.0,0.0,1.8,3.0,1.0,4.0,1.0,1.0,68.0,1.0,12.0,1
18.0,1.0,1.0,3.0,0.0,1.93,4.0,0.0,4.0,3.0,2.0,86.0,1.0,14.0,1
22.0,0.0,1.0,2.0,0.0,1.74,3.0,1.0,2.0,3.0,1.0,75.0,1.0,14.0,1
22.0,0.0,2.0,2.0,0.0,1.74,3.0,1.0,2.0,3.0,1.0,91.4,3.0,15.0,1
23.6,1.0,1.0,2.0,1.0,1.62,3.0,0.0,2.0,3.0,1.0,45.0,0.0,13.0,5
19.0,0.0,2.0,1.0,1.0,1.54,1.3999999999999997,0.0,0.0,3.0,2.0,42.0,1.0,11.0,5
20.0,1.0,1.0,2.0,1.0,1.56,3.0,0.0,5.0,1.0,2.0,52.0,1.0,15.0,1
18.0,0.0,1.0,1.0,1.0,1.6,3.0,1.0,2.0,1.0,2.0,83.0,2.0,11.0,4
18.0,0.0,2.0,2.0,1.0,1.54,4.0,0.0,2.0,3.0,2.0,71.0,2.0,13.0,3
18.0,1.0,1.0,2.0,1.0,1.63,3.0,1.0,2.0,0.0,2.0,51.0,1.0,11.0,1
18.0,0.0,1.0,1.0,0.0,1.71,3.0,1.0,2.0,3.0,2.0,75.0,2.0,12.0,2
18.0,0.0,2.0,2.0,1.0,1.64,3.0,1.0,2.0,3.0,1.0,56.0,1.0,14.0,1
17.0,1.0,3.0,2.0,1.0,1.58,4.0,0.0,2.0,0.0,2.0,50.0,1.0,13.0,1
18.0,1.0,2.0,1.0,1.0,1.57,3.0,0.0,0.0,1.0,1.0,50.0,1.0,9.0,1
18.0,1.0,1.0,1.0,0.0,1.74,4.0,1.0,4.0,3.0,1.0,64.0,1.0,15.0,1
20.0,1.0,2.0,2.0,1.0,1.58,1.0,1.0,2.0,1.0,2.0,54.0,1.0,13.0,1
18.0,0.0,1.0,1.0,1.0,1.5,3.0,0.0,0.0,1.0,1.0,58.0,2.0,7.0,2
36.0,0.0,3.0,1.0,1.0,1.65,3.0,1.0,0.0,1.0,1.0,80.0,2.0,11.0,3
21.0,1.0,2.0,1.0,0.0,1.88,3.0,1.0,4.0,3.0,3.0,84.0,1.0,15.0,1
24.0,1.0,1.0,0.0,0.0,1.75,3.0,0.0,2.0,3.0,2.0,84.0,2.0,13.0,3
45.0,0.0,1.0,2.0,0.0,1.7,3.0,0.0,0.0,3.0,2.0,86.0,2.0,13.0,3
20.0,1.0,1.0,2.0,0.0,1.8,3.0,0.0,4.0,1.0,1.0,91.2,2.0,14.0,1
18.0,1.0,1.0,1.0,1.0,1.67,3.0,0.0,0.0,3.0,2.0,66.0,1.0,11.0,1
19.0,0.0,1.0,3.0,0.0,1.8,1.0,1.0,0.0,3.0,1.0,60.0,1.0,13.0,1
18.0,1.0,3.0,1.0,0.0,1.72,3.0,1.0,0.0,1.0,2.0,53.0,1.0,11.0,5
20.0,1.0,2.0,1.0,0.0,1.56,3.0,0.0,2.0,1.0,2.0,45.0,0.0,11.0,1
25.0,1.0,2.0,1.0,1.0,1.69,3.0,1.0,0.0,3.0,1.0,105.0,4.0,11.0,7
19.0,1.0,2.0,1.0,1.0,1.68,3.0,1.0,4.0,3.0,1.0,127.0,3.0,15.0,7
26.0,1.0,1.0,1.0,1.0,1.62,3.0,1.0,0.0,3.0,3.0,111.0,5.0,12.0,7
22.0,1.0,1.0,1.0,1.0,1.84,3.0,1.0,0.0,3.0,2.0,77.4,1.0,11.0,7
26.0,1.0,1.0,1.0,1.0,1.63,3.0,1.0,0.0,3.0,2.0,111.0,5.0,11.0,7
26.0,1.0,2.0,1.0,1.0,1.63,3.0,1.0,0.0,3.0,3.0,105.0,4.0,13.0,7
20.0,1.0,3.0,1.0,0.0,1.74,3.0,1.0,4.0,1.0,3.0,55.0,0.0,16.0,5
17.0,1.0,2.0,1.0,0.0,1.77,4.0,1.0,4.0,1.0,3.0,56.0,1.0,15.0,5
22.0,1.0,2.0,1.0,0.0,1.75,4.0,1.0,4.0,1.0,2.0,56.0,0.0,14.0,5
22.0,0.0,2.0,2.0,1.0,1.68,3.0,1.0,4.0,3.0,3.0,51.0,0.0,17.0,5
21.0,0.0,1.0,2.0,1.0,1.6,2.0,0.0,2.0,3.0,2.0,45.0,0.0,12.0,5
22.0,0.0,1.0,2.0,1.0,1.6,3.0,0.0,2.0,3.0,3.0,43.0,0.0,13.0,5
22.0,0.0,1.0,2.0,1.0,1.57,2.0,0.0,2.0,3.0,3.0,44.0,0.0,13.0,5
21.0,0.0,1.0,2.0,1.0,1.59,2.0,0.0,0.0,1.0,2.0,43.0,0.0,8.0,5
19.0,0.0,2.0,1.0,1.0,1.69,3.0,0.0,5.0,3.0,3.0,45.0,0.0,18.0,5
19.0,0.0,1.0,1.0,1.0,1.56,2.0,0.0,0.0,3.0,2.0,42.0,1.0,11.0,5
21.0,1.0,1.0,2.0,1.0,1.52,1.0,0.0,0.0,3.0,1.0,42.0,0.0,11.0,5
20.0,1.0,1.0,2.0,1.0,1.55,3.0,0.0,2.0,3.0,1.0,45.0,1.0,13.0,5
20.0,1.0,2.0,2.0,1.0,1.52,1.0,0.0,0.0,3.0,2.0,32.00000000000001,0.0,13.0,5
21.0,1.0,1.0,2.0,1.0,1.584,1.0,0.0,0.0,3.0,1.0,42.0,0.0,11.0,5
22.0,1.0,2.0,2.0,1.0,1.73,4.0,0.0,0.0,3.0,2.0,51.0,0.0,12.0,5
23.0,1.0,1.0,1.0,0.0,1.88,3.0,1.0,2.0,3.0,3.0,64.0,0.0,16.0,5
23.0,1.0,2.0,1.0,0.0,1.85,4.0,1.0,2.0,3.0,3.0,64.0,1.0,17.0,5
23.0,0.0,1.0,1.0,0.0,1.84,3.0,1.0,4.0,3.0,2.0,59.0,0.0,16.0,5
18.0,0.0,2.0,1.0,0.0,1.76,3.0,1.0,2.0,3.0,2.0,52.0,0.0,13.0,5
22.0,0.0,1.0,2.0,0.0,1.71,3.0,1.0,2.0,3.0,1.0,52.0,0.0,12.0,5
19.0,1.0,3.0,1.0,1.0,1.534,1.0,0.0,0.0,1.0,1.0,41.0,1.0,10.0,5
19.0,1.0,3.0,1.0,1.0,1.56,1.0,0.0,0.0,3.0,1.0,41.0,0.0,12.0,5
20.0,1.0,2.0,2.0,1.0,1.67,4.0,0.0,4.0,3.0,2.0,50.0,0.0,16.0,5
20.0,1.0,2.0,2.0,1.0,1.69,3.0,0.0,4.0,3.0,2.0,92.6,3.0,16.0,5
20.0,0.0,2.0,2.0,1.0,1.66,3.0,0.0,2.0,3.0,2.0,49.0,0.0,14.0,5
23.0,0.0,3.0,2.0,1.0,1.71,3.0,1.0,4.0,1.0,2.0,50.0,0.0,15.0,5
20.0,0.0,3.0,2.0,1.0,1.76,4.0,1.0,5.0,1.0,2.0,52.6,0.0,16.0,5
23.0,0.0,3.0,2.0,1.0,1.73,3.0,1.0,2.0,1.0,1.0,51.0,0.0,12.0,5
19.0,1.0,2.0,1.0,1.0,1.7,3.0,0.0,4.0,0.0,1.0,50.0,1.0,12.0,5
19.0,1.0,2.0,1.0,1.0,1.66,3.0,0.0,4.0,1.0,2.0,50.0,1.0,14.0,5
19.6,0.0,1.0,2.0,1.0,1.61,4.0,1.0,2.0,1.0,1.0,50.0,1.0,10.0,5
32.0,0.0,1.0,2.0,1.0,1.64,3.0,1.0,2.0,3.0,3.0,47.0,0.0,14.0,5
24.0,0.0,1.0,2.0,1.0,1.65,4.0,1.0,0.0,3.0,3.0,50.0,0.0,12.0,5
17.0,1.0,2.0,1.0,0.0,1.71,2.0,0.0,0.0,1.0,2.0,52.0,1.0,10.0,5
16.0,1.0,1.0,1.0,0.0,1.69,2.0,0.0,2.0,1.0,3.0,53.0,1.0,12.0,5
18.0,1.0,2.0,1.0,0.0,1.75,3.0,0.0,2.0,3.0,2.0,51.0,0.0,14.0,5
18.0,1.0,2.0,1.0,0.0,1.78,3.0,0.0,2.0,1.0,2.0,51.0,0.0,12.0,5
17.0,0.0,2.0,1.0,0.0,1.84,4.0,1.0,4.0,3.0,2.0,59.0,1.0,17.0,5
20.0,0.0,3.0,1.0,0.0,1.77,4.0,1.0,4.0,1.0,3.0,58.0,1.0,17.0,5
18.0,0.0,3.0,1.0,0.0,1.78,3.0,1.0,4.0,1.0,2.0,57.0,1.0,16.0,5
17.0,1.0,2.0,1.0,1.0,1.64,3.0,0.0,5.0,3.0,3.0,43.0,0.0,18.0,5
26.0,1.0,3.0,1.0,1.0,1.58,3.0,0.0,0.0,3.0,2.0,44.0,0.0,13.0,5
19.0,1.0,3.0,1.0,0.0,1.77,4.0,1.0,0.0,1.0,2.0,56.0,0.0,13.0,5
22.0,0.0,2.0,2.0,1.0,1.7,3.0,1.0,0.0,3.0,2.0,55.0,1.0,12.0,5
19.0,1.0,2.0,1.0,1.0,1.74,4.0,0.0,4.0,3.0,2.0,50.0,0.0,16.0,5
17.0,1.0,2.0,1.0,1.0,1.65,4.0,0.0,4.0,3.0,1.0,50.0,1.0,15.0,5
19.0,1.0,2.0,1.0,0.0,1.77,4.0,0.0,4.0,3.0,1.0,50.0,0.0,15.0,5
18.0,1.0,2.0,2.0,1.0,1.7,4.0,0.0,2.0,0.0,1.0,50.0,1.0,11.0,5
20.0,1.0,2.0,2.0,1.0,1.7,4.0,0.0,4.0,0.0,2.0,50.0,0.0,14.0,5
20.0,1.0,1.0,2.0,1.0,1.59,3.0,0.0,4.0,3.0,1.0,42.0,0.0,14.0,5
20.0,1.0,1.0,2.0,1.0,1.53,1.0,0.0,2.0,3.0,1.0,42.0,0.0,12.0,5
17.0,0.0,2.0,1.0,0.0,1.82,3.0,1.0,4.0,1.0,2.0,59.0,1.0,15.0,5
19.0,0.0,2.0,1.0,0.0,1.86,3.0,1.0,4.0,3.0,2.0,59.0,0.0,17.0,5
23.0,0.0,3.0,2.0,1.0,1.72,3.0,1.0,0.0,1.0,1.0,51.0,0.0,10.0,5
17.0,1.0,2.0,1.0,1.0,1.71,3.0,0.0,0.0,1.0,1.0,50.0,1.0,9.0,5
18.0,1.0,2.0,1.0,1.0,1.7,3.0,0.0,0.0,0.0,2.0,50.0,1.0,9.0,5
19.0,1.0,3.0,1.0,1.0,1.57,2.0,0.0,2.0,0.0,1.0,40.0,0.0,11.0,5
20.0,1.0,2.0,1.0,1.0,1.53,3.0,0.0,4.0,1.0,2.0,39.0,0.0,14.0,5
20.0,1.0,1.0,1.0,1.0,1.53,3.0,0.0,0.0,3.0,1.0,40.0,0.0,10.0,5
20.0,0.0,2.0,1.0,0.0,1.77,4.0,1.0,4.0,1.0,2.0,56.0,0.0,15.0,5
18.0,0.0,1.0,1.0,0.0,1.88,4.0,1.0,4.0,3.0,2.0,60.0,0.0,16.0,5
18.0,0.0,2.0,1.0,0.0,1.82,4.0,1.0,4.0,1.0,3.0,59.0,1.0,16.0,5
18.0,0.0,1.0,1.0,0.0,1.84,4.0,1.0,4.0,3.0,2.0,60.0,1.0,16.0,5
17.0,0.0,1.0,1.0,0.0,1.82,4.0,1.0,4.0,3.0,2.0,58.0,1.0,16.0,5
18.0,1.0,2.0,1.0,0.0,1.71,3.0,1.0,0.0,1.0,2.0,51.0,0.0,10.0,5
18.0,1.0,3.0,1.0,0.0,1.72,3.0,1.0,2.0,1.0,1.0,51.0,0.0,12.0,5
20.8,1.0,1.0,2.0,1.0,1.56,3.0,0.0,2.0,3.0,1.0,44.0,0.0,13.0,5
19.0,1.0,1.0,2.0,1.0,1.6,3.0,0.0,4.0,3.0,1.0,45.0,1.0,15.0,5
20.0,1.0,1.0,2.0,1.0,1.6,3.0,0.0,2.0,3.0,3.0,45.0,0.0,15.0,5
19.0,1.0,1.0,2.0,1.0,1.54,1.0,0.0,0.0,3.0,1.0,42.0,1.0,11.0,5
19.0,1.0,2.0,2.0,1.0,1.54,1.0,0.0,2.0,3.0,1.0,42.0,1.0,14.0,5
19.0,1.0,2.0,2.0,1.0,1.52,1.0,0.0,0.0,3.0,2.0,42.0,1.0,13.0,5
18.0,1.0,3.0,1.0,0.0,1.72,3.0,1.0,0.0,0.0,1.0,52.0,0.0,9.0,5
18.0,1.0,3.0,1.0,0.0,1.75,3.0,1.0,4.0,1.0,2.0,54.0,0.0,15.0,5
18.0,1.0,3.0,1.0,0.0,1.7,3.0,1.0,2.0,1.0,1.0,50.0,0.0,12.0,5
22.0,0.0,1.0,2.0,1.0,1.59,3.0,0.0,0.0,3.0,3.0,44.0,0.0,11.0,5
23.0,0.0,1.0,2.0,1.0,1.58,2.0,0.0,2.0,1.0,2.0,44.0,0.0,10.0,5
19.0,1.0,1.0,2.0,1.0,1.6,3.0,0.0,2.0,3.0,3.0,45.0,1.0,15.0,5
19.8,1.0,1.0,2.0,1.0,1.55,1.0,0.0,0.0,3.0,1.0,42.0,1.0,11.0,5
20.0,1.0,1.0,1.0,0.0,1.87,4.0,1.0,4.0,3.0,2.0,63.0,0.0,17.0,5
21.0,0.0,2.0,2.0,1.0,1.69,3.0,1.0,0.0,3.0,2.0,51.0,0.0,12.0,5
18.0,1.0,3.0,1.0,1.0,1.59,1.0,0.0,0.0,1.0,1.0,61.599999999999994,1.0,10.0,5
20.0,1.0,2.0,1.0,1.0,1.65,3.0,0.0,4.0,3.0,2.0,49.0,0.0,15.0,5
19.8,1.0,2.0,2.0,1.0,1.7,3.0,0.0,2.0,0.0,1.0,50.0,1.0,11.0,5
35.0,0.0,1.0,2.0,1.0,1.69,4.0,1.0,0.0,3.0,2.0,50.0,0.0,11.0,5
16.0,1.0,1.0,1.0,0.0,1.69,2.0,0.0,2.0,1.0,3.0,50.0,1.0,12.0,5
18.0,1.0,2.0,1.0,0.0,1.79,3.0,0.0,2.0,3.0,2.0,52.0,0.0,14.0,5
17.2,0.0,2.0,1.0,0.0,1.81,4.0,1.0,4.0,1.0,2.0,59.0,1.0,15.0,5
17.0,1.0,2.0,1.0,1.0,1.83,3.0,0.0,5.0,3.0,3.0,44.0,0.0,18.0,5
17.0,0.0,2.0,1.0,0.0,1.78,4.0,1.0,4.0,1.0,2.0,56.0,1.0,15.0,5
18.0,1.0,2.0,1.0,1.0,1.79,4.0,0.0,4.0,3.0,1.0,50.0,0.0,15.0,5
19.0,1.0,2.0,2.0,1.0,1.71,4.0,0.0,4.0,0.0,1.0,50.0,0.0,13.0,5
19.0,1.0,1.0,2.0,1.0,1.54,3.0,0.0,0.0,3.0,1.0,42.0,1.0,10.0,5
18.0,1.0,3.0,1.0,1.0,1.7,3.0,0.0,0.0,1.0,2.0,51.0,1.0,11.0,5
19.0,1.0,3.0,1.0,1.0,1.56,2.0,0.0,0.0,1.0,2.0,40.0,0.0,11.0,5
18.0,0.0,1.0,1.0,0.0,1.85,4.0,1.0,4.0,3.0,2.0,60.0,0.0,16.0,5
18.0,1.0,3.0,1.0,0.0,1.72,3.0,1.0,0.0,1.0,2.0,53.0,1.0,11.0,5
20.0,1.0,1.0,2.0,1.0,1.61,3.0,0.0,2.0,3.0,1.0,45.0,0.0,13.0,5
18.0,1.0,3.0,1.0,0.0,1.72,3.0,1.0,0.0,1.0,2.0,52.0,0.0,11.0,5
20.0,0.0,3.0,1.0,0.0,1.76,4.0,1.0,4.0,1.0,3.0,55.0,0.0,15.0,5
18.0,0.0,3.0,1.0,0.0,1.77,4.0,1.0,4.0,1.0,2.0,56.0,1.0,16.0,5
21.0,0.0,2.0,2.0,1.0,1.6280000000000001,4.0,1.0,4.0,1.0,2.0,56.0,1.0,14.0,5
21.0,0.0,2.0,2.0,1.0,1.67,3.0,1.0,4.0,3.0,2.0,50.0,0.0,16.0,5
22.0,0.0,1.0,2.0,1.0,1.59,2.0,0.0,2.0,3.0,3.0,44.0,0.0,13.0,5
23.0,0.0,1.0,2.0,1.0,1.6,3.0,0.0,4.0,3.0,2.0,43.0,0.0,14.0,5
22.0,0.0,1.0,2.0,1.0,1.59,2.0,0.0,2.0,3.0,3.0,44.0,0.0,13.0,5
21.0,0.0,1.0,2.0,1.0,1.56,1.0,0.0,0.0,1.0,1.0,42.0,0.0,7.0,5
23.0,0.0,1.0,2.0,1.0,1.6,2.0,0.0,0.0,3.0,2.0,45.0,0.0,10.0,5
19.0,1.0,1.0,1.0,1.0,1.63,3.0,0.0,2.0,3.0,3.0,45.0,0.0,15.0,5
19.0,0.0,1.0,1.0,1.0,1.56,2.0,0.0,0.0,3.0,2.0,42.0,1.0,10.0,5
19.0,0.0,2.0,1.0,1.0,1.55,2.0,0.0,2.0,3.0,2.0,42.0,1.0,13.0,5
21.0,1.0,1.0,2.0,1.0,1.52,1.0,0.0,0.0,3.0,1.0,42.0,0.0,11.0,5
20.0,1.0,1.0,2.0,1.0,1.6,3.0,0.0,2.0,3.0,1.0,45.0,0.0,13.0,5
20.0,1.0,2.0,2.0,1.0,1.56,1.0,0.0,0.0,3.0,1.0,42.0,0.0,12.0,5
21.0,1.0,1.0,2.0,1.0,1.52,1.0,0.0,0.0,3.0,1.0,42.0,0.0,11.0,5
21.0,1.0,1.0,2.0,1.0,1.52,1.0,0.0,0.0,3.0,1.0,42.0,0.0,11.0,5
22.0,0.0,2.0,2.0,1.0,1.69,4.0,1.0,0.0,3.0,2.0,51.0,0.0,12.0,5
21.0,0.0,1.0,2.0,1.0,1.74,3.0,1.0,2.0,3.0,1.0,50.0,0.0,12.0,5
19.0,1.0,2.0,1.0,1.0,1.73,3.0,0.0,4.0,0.0,1.0,50.0,0.0,12.0,5
19.0,1.0,1.0,1.0,0.0,1.85,4.0,1.0,0.0,3.0,3.0,61.0,0.0,14.0,5
21.0,0.0,3.0,1.0,0.0,1.79,3.0,1.0,4.0,3.0,2.0,59.0,0.0,18.0,5
18.0,1.0,2.0,1.0,0.0,1.79,3.0,1.0,2.0,3.0,2.0,52.0,0.0,14.0,5
22.0,0.0,1.0,2.0,1.0,1.71,3.0,1.0,4.0,3.0,1.0,52.0,0.0,14.0,5
19.0,1.0,2.0,1.0,1.0,1.53,1.0,0.0,0.0,3.0,1.0,42.0,1.0,11.0,5
19.0,1.0,2.0,1.0,1.0,1.54,1.0,0.0,0.0,3.0,1.0,42.0,1.0,11.0,5
19.0,1.0,2.0,1.0,1.0,1.67,3.0,0.0,4.0,3.0,2.0,50.0,1.0,16.0,5
20.0,1.0,2.0,1.0,1.0,1.68,3.0,0.0,4.0,3.0,2.0,49.0,0.0,15.0,5
24.0,1.0,2.0,1.0,1.0,1.67,3.0,0.0,4.0,3.0,2.0,87.2,3.0,15.0,5
22.0,0.0,3.0,2.0,1.0,1.7,3.0,1.0,2.0,3.0,2.0,50.0,0.0,15.0,5
20.0,0.0,3.0,1.0,0.0,1.76,4.0,1.0,4.0,1.0,3.0,55.0,0.0,15.0,5
23.0,0.0,3.0,2.0,1.0,1.7,3.0,1.0,0.0,3.0,2.0,52.0,0.0,13.0,5
18.0,1.0,2.0,1.0,1.0,1.71,3.0,0.0,4.0,0.0,1.0,50.0,1.0,12.0,5
27.0,0.0,2.0,2.0,1.0,1.66,3.0,1.0,2.0,1.0,2.0,50.0,0.0,12.0,5
23.0,0.0,1.0,2.0,1.0,1.66,4.0,1.0,0.0,3.0,2.0,50.0,0.0,11.0,5
18.0,1.0,2.0,1.0,0.0,1.73,3.0,0.0,0.0,1.0,2.0,51.0,0.0,10.0,5
18.0,1.0,2.0,1.0,0.0,1.76,3.0,0.0,2.0,1.0,2.0,52.0,0.0,12.0,5
18.0,1.0,2.0,1.0,0.0,1.79,3.0,0.0,2.0,3.0,2.0,52.0,0.0,14.0,5
18.0,1.0,2.0,1.0,0.0,1.77,3.0,1.0,2.0,3.0,2.0,51.0,0.0,14.0,5
18.0,1.0,2.0,1.0,0.0,1.7,3.0,1.0,2.0,3.0,2.0,52.0,1.0,14.0,5
17.0,0.0,1.0,1.0,0.0,1.83,4.0,1.0,4.0,3.0,2.0,59.0,1.0,16.0,5
20.0,0.0,2.0,1.0,0.0,1.79,3.0,1.0,4.0,3.0,2.0,58.0,0.0,17.0,5
19.0,0.0,3.0,1.0,0.0,1.78,4.0,1.0,4.0,1.0,3.0,57.0,0.0,17.0,5
19.0,0.0,2.0,1.0,1.0,1.61,3.0,0.0,4.0,3.0,3.0,43.0,0.0,17.0,5
17.0,1.0,3.0,1.0,1.0,1.78,3.0,0.0,4.0,3.0,2.0,45.0,0.0,17.0,5
17.0,1.0,2.0,1.0,1.0,1.71,3.0,0.0,4.0,3.0,2.0,45.0,0.0,16.0,5
18.0,0.0,1.0,1.0,0.0,1.85,4.0,1.0,4.0,3.0,2.0,60.0,0.0,16.0,5
17.0,0.0,1.0,1.0,0.0,1.82,4.0,1.0,4.0,3.0,2.0,60.0,1.0,16.0,5
20.0,0.0,3.0,1.0,0.0,1.76,4.0,1.0,4.0,1.0,3.0,56.0,0.0,17.0,5
23.0,0.0,1.0,2.0,1.0,1.73,3.0,1.0,2.0,3.0,2.0,55.0,0.0,13.0,5
21.0,0.0,2.0,1.0,0.0,1.76,4.0,1.0,4.0,3.0,3.0,55.0,0.0,16.0,5
23.0,0.0,1.0,2.0,1.0,1.74,3.0,1.0,4.0,3.0,2.0,55.0,0.0,15.0,5
19.0,1.0,2.0,1.0,1.0,1.73,4.0,0.0,4.0,3.0,2.0,50.0,0.0,16.0,5
17.0,1.0,2.0,1.0,1.0,1.75,4.0,0.0,4.0,1.0,1.0,50.0,0.0,13.0,5
18.0,1.0,2.0,1.0,1.0,1.7,3.0,0.0,2.0,1.0,1.0,50.0,1.0,11.0,5
20.0,1.0,2.0,1.0,1.0,1.7,4.0,0.0,4.0,0.0,1.0,50.0,0.0,12.0,5
19.0,1.0,1.0,2.0,1.0,1.59,3.0,0.0,2.0,3.0,1.0,43.0,0.0,13.0,5
19.0,1.0,2.0,2.0,1.0,1.52,1.0,0.0,0.0,3.0,2.0,42.0,1.0,13.0,5
17.0,0.0,2.0,1.0,0.0,1.84,3.0,1.0,5.0,1.0,2.0,59.0,1.0,16.0,5
21.0,0.0,1.0,2.0,1.0,1.72,4.0,1.0,2.0,3.0,1.0,50.0,0.0,12.0,5
22.0,0.0,2.0,2.0,1.0,1.718,3.0,1.0,2.0,3.0,3.0,50.0,0.0,15.0,5
19.0,1.0,3.0,1.0,1.0,1.57,2.0,0.0,0.0,1.0,2.0,41.0,0.0,11.0,5
20.0,1.0,3.0,1.0,1.0,1.54,3.0,0.0,4.0,0.0,2.0,39.0,0.0,14.0,5
20.0,0.0,3.0,1.0,0.0,1.76,4.0,1.0,4.0,1.0,3.0,55.0,0.0,17.0,5
18.0,0.0,2.0,1.0,0.0,1.86,4.0,1.0,4.0,1.0,2.0,59.0,0.0,15.0,5
18.0,0.0,1.0,1.0,0.0,1.83,4.0,1.0,4.0,3.0,2.0,60.0,1.0,16.0,5
17.0,0.0,2.0,1.0,0.0,1.82,3.0,1.0,4.0,3.0,2.0,58.0,1.0,17.0,5
17.0,0.0,1.0,1.0,0.0,1.81,4.0,1.0,4.0,1.0,2.0,59.0,1.0,14.0,5
18.0,1.0,3.0,1.0,0.0,1.71,3.0,1.0,0.0,0.0,2.0,51.0,0.0,10.0,5
18.0,1.0,2.0,1.0,0.0,1.74,3.0,1.0,2.0,1.0,2.0,51.0,0.0,12.0,5
19.0,1.0,1.0,2.0,1.0,1.57,3.0,0.0,2.0,3.0,1.0,44.0,1.0,13.0,5
19.0,1.0,1.0,2.0,1.0,1.58,3.0,0.0,2.0,3.0,1.0,45.0,1.0,13.0,5
20.0,1.0,1.0,2.0,1.0,1.6,3.0,0.0,2.0,3.0,2.0,45.0,0.0,14.0,5
20.0,1.0,2.0,2.0,1.0,1.54,1.0,0.0,0.0,3.0,1.0,42.0,0.0,12.0,5
19.0,1.0,2.0,2.0,1.0,1.53,1.0,0.0,0.0,3.0,2.0,42.0,1.0,13.0,5
18.0,1.0,3.0,1.0,0.0,1.72,3.0,1.0,0.0,0.0,2.0,52.0,0.0,10.0,5
21.0,1.0,1.0,0.0,0.0,1.64,1.0,0.0,2.0,1.0,2.0,70.0,2.0,10.0,2
25.0,0.0,2.0,1.0,0.0,1.81,4.0,0.0,0.0,0.0,2.0,86.0,2.0,10.0,2
21.0,1.0,1.0,0.0,0.0,1.62,3.0,0.0,2.0,0.0,2.0,69.0,2.0,9.0,2
19.0,1.0,1.0,1.0,0.0,1.86,3.0,1.0,0.0,1.0,1.0,89.0,1.0,8.0,2
42.0,1.0,1.0,1.0,1.0,1.72,3.0,0.0,5.0,3.0,3.0,83.0,2.0,19.0,2
21.0,1.0,2.0,1.0,0.0,1.86,3.0,1.0,2.0,1.0,1.0,86.0,1.0,11.0,2
22.0,1.0,1.0,1.0,0.0,1.7,3.0,1.0,2.0,1.0,2.0,75.0,2.0,11.0,2
19.0,2.0,2.0,1.0,1.0,1.75,2.0,1.0,5.0,1.0,2.0,80.0,2.0,16.0,2
24.0,1.0,2.0,1.0,0.0,1.7,3.0,1.0,0.0,1.0,2.0,75.0,2.0,10.0,2
34.0,1.0,1.0,1.0,1.0,1.64,1.0,1.0,2.0,3.0,1.0,75.0,2.0,13.0,2
22.0,1.0,2.0,1.0,1.0,1.61,4.0,1.0,2.0,1.0,2.0,68.0,2.0,12.0,2
21.0,1.0,1.0,0.0,0.0,1.61,2.0,0.0,2.0,1.0,3.0,68.0,2.0,11.0,2
22.0,1.0,1.0,1.0,1.0,1.73,1.0,1.0,4.0,3.0,2.0,78.0,2.0,15.0,2
23.0,1.0,1.0,0.0,0.0,1.63,1.0,0.0,0.0,1.0,3.0,70.0,2.0,9.0,2
21.0,1.0,1.0,0.0,0.0,1.62,1.0,0.0,2.0,1.0,3.0,70.0,2.0,11.0,2
21.0,1.0,1.0,0.0,0.0,1.62,1.0,0.0,2.0,1.0,3.0,70.0,2.0,11.0,2
31.0,1.0,1.0,1.0,1.0,1.63,3.0,1.0,0.0,1.0,2.0,69.0,2.0,11.0,2
21.0,1.0,1.0,1.0,0.0,1.75,1.0,1.0,5.0,3.0,2.0,79.0,2.0,18.0,2
20.0,1.0,1.0,1.0,0.0,1.82,4.0,1.0,5.0,3.0,2.0,86.0,2.0,16.0,2
20.0,1.0,2.0,1.0,0.0,1.81,3.0,1.0,4.0,3.0,2.0,85.0,2.0,16.0,2
21.0,1.0,1.0,1.0,0.0,1.71,3.0,1.0,4.0,1.0,2.0,75.0,2.0,13.0,2
21.0,1.0,1.0,0.0,0.0,1.61,4.0,1.0,0.0,1.0,3.0,68.0,2.0,9.0,2
23.0,1.0,3.0,2.0,1.0,1.72,3.0,1.0,0.0,1.0,2.0,76.0,2.0,12.0,2
20.0,1.0,1.0,1.0,0.0,1.83,3.0,1.0,4.0,3.0,3.0,90.0,2.0,16.0,2
21.0,1.0,1.0,1.0,1.0,1.75,1.0,1.0,2.0,3.0,2.0,78.0,2.0,13.0,2
18.0,0.0,1.0,1.0,0.0,1.78,3.0,1.0,5.0,1.0,2.0,80.0,1.0,13.0,2
21.0,1.0,1.0,1.0,0.0,1.71,3.0,1.0,2.0,1.0,2.0,75.0,2.0,11.0,2
29.0,1.0,1.0,1.0,1.0,1.67,3.0,1.0,4.0,1.0,2.0,72.0,2.0,15.0,2
26.0,1.0,2.0,1.0,0.0,1.76,4.0,1.0,0.0,1.0,2.0,82.0,2.0,10.0,2
23.0,1.0,3.0,1.0,0.0,1.71,3.0,1.0,2.0,3.0,3.0,75.0,2.0,16.0,2
20.0,1.0,1.0,1.0,0.0,1.81,3.0,1.0,2.0,1.0,2.0,85.0,2.0,11.0,2
24.0,1.0,1.0,1.0,1.0,1.6,3.0,0.0,0.0,3.0,2.0,65.0,2.0,11.0,2
33.0,1.0,2.0,1.0,1.0,1.72,3.0,1.0,0.0,3.0,1.0,73.0,1.0,13.0,2
23.0,1.0,3.0,1.0,0.0,1.71,4.0,1.0,2.0,3.0,1.0,71.6,1.0,14.0,2
17.0,1.0,3.0,1.0,1.0,1.55,1.0,0.0,0.0,1.0,2.0,55.0,1.0,12.0,2
16.0,1.0,2.0,1.0,1.0,1.6,1.0,1.0,2.0,3.0,2.0,65.0,2.0,15.0,2
24.0,1.0,3.0,1.0,1.0,1.59,3.0,0.0,4.0,1.0,2.0,62.0,1.0,15.0,2
35.0,1.0,1.0,1.0,1.0,1.67,3.0,1.0,0.0,3.0,2.0,73.0,2.0,12.0,2
23.0,1.0,2.0,1.0,0.0,1.86,3.0,1.0,2.0,1.0,1.0,115.4,3.0,13.0,2
19.0,1.0,2.0,1.0,0.0,1.62,1.0,0.0,2.0,1.0,3.0,70.0,2.0,13.0,2
16.0,0.0,3.0,1.0,1.0,1.62,1.0,1.0,2.0,1.0,2.0,67.0,2.0,13.0,2
18.0,0.0,1.0,1.0,1.0,1.64,2.0,1.0,0.0,1.0,2.0,70.0,2.0,8.0,2
30.0,0.0,1.0,1.0,0.0,1.82,3.0,0.0,4.0,3.0,1.0,88.0,2.0,15.0,2
32.0,1.0,2.0,1.0,1.0,1.66,3.0,1.0,0.0,1.0,1.0,74.0,2.0,11.0,2
18.0,0.0,1.0,1.0,0.0,1.75,3.0,1.0,0.0,1.0,2.0,80.0,2.0,8.0,2
19.0,1.0,1.0,1.0,0.0,1.86,4.0,1.0,4.0,1.0,2.0,88.0,1.0,13.0,2
18.0,0.0,3.0,1.0,1.0,1.64,1.0,1.0,0.0,1.0,1.0,68.0,1.0,9.0,2
20.0,1.0,1.0,1.0,1.0,1.51,3.0,0.0,0.0,3.0,2.0,64.0,2.0,12.0,2
28.0,0.0,1.0,1.0,0.0,1.81,3.0,0.0,4.0,3.0,1.0,87.0,2.0,15.0,2
27.0,0.0,1.0,1.0,0.0,1.8,2.0,0.0,4.0,3.0,2.0,87.0,2.0,16.0,2
21.0,1.0,1.0,0.0,0.0,1.63,1.0,0.0,2.0,1.0,2.0,70.0,2.0,10.0,2
22.0,1.0,1.0,0.0,0.0,1.64,1.0,0.0,2.0,1.0,2.0,70.0,2.0,10.0,2
27.0,1.0,2.0,1.0,0.0,1.79,4.0,0.0,0.0,0.0,2.0,83.0,2.0,11.0,2
22.0,1.0,1.0,1.0,0.0,1.68,3.0,1.0,2.0,1.0,2.0,75.0,2.0,11.0,2
21.0,1.0,1.0,0.0,1.0,1.62,4.0,1.0,2.0,1.0,2.0,69.0,2.0,10.0,2
21.0,1.0,2.0,0.0,1.0,1.62,4.0,1.0,2.0,0.0,2.0,69.0,2.0,10.0,2
19.0,1.0,1.0,1.0,0.0,1.81,3.0,1.0,2.0,1.0,2.0,87.0,2.0,11.0,2
21.0,1.0,2.0,1.0,0.0,1.86,3.0,1.0,0.0,1.0,1.0,90.0,2.0,9.0,2
23.0,1.0,3.0,1.0,0.0,1.67,3.0,1.0,0.0,1.0,2.0,75.0,2.0,11.0,2
23.0,1.0,1.0,1.0,0.0,1.71,3.0,1.0,2.0,1.0,1.0,75.0,2.0,10.0,2
33.0,1.0,1.0,1.0,1.0,1.68,2.0,1.0,0.0,1.0,1.0,75.0,2.0,10.0,2
22.0,1.0,2.0,1.0,1.0,1.61,4.0,1.0,4.0,1.0,3.0,68.0,2.0,15.0,2
21.0,1.0,1.0,0.0,0.0,1.62,1.0,0.0,2.0,1.0,3.0,70.0,2.0,11.0,2
37.0,1.0,1.0,1.0,1.0,1.51,1.0,1.0,0.0,1.0,2.0,63.0,2.0,11.0,2
40.0,1.0,1.0,1.0,1.0,1.56,3.0,1.0,0.0,3.0,2.0,63.0,2.0,13.0,2
39.0,1.0,1.0,1.0,1.0,1.55,3.0,1.0,4.0,3.0,3.0,63.0,2.0,18.0,2
21.0,1.0,1.0,0.0,0.0,1.62,1.0,0.0,2.0,1.0,3.0,70.0,2.0,11.0,2
21.0,1.0,1.0,0.0,0.0,1.62,1.0,0.0,2.0,1.0,3.0,70.0,2.0,11.0,2
21.0,1.0,1.0,0.0,0.0,1.62,1.0,0.0,2.0,1.0,3.0,70.0,2.0,11.0,2
21.0,1.0,1.0,0.0,0.0,1.62,1.0,0.0,2.0,1.0,3.0,70.0,2.0,11.0,2
29.0,1.0,1.0,1.0,1.0,1.64,3.0,1.0,4.0,1.0,2.0,70.0,2.0,15.0,2
31.0,1.0,2.0,1.0,1.0,1.69,3.0,1.0,2.0,3.0,2.0,72.0,2.0,16.0,2
23.0,1.0,1.0,1.0,0.0,1.75,1.0,1.0,4.0,3.0,2.0,79.0,2.0,15.0,2
20.0,1.0,2.0,1.0,0.0,1.8,3.0,1.0,4.0,1.0,3.0,85.0,2.0,15.0,2
22.0,1.0,2.0,1.0,0.0,1.7,4.0,1.0,4.0,1.0,2.0,75.0,2.0,14.0,2
22.0,1.0,1.0,0.0,1.0,1.6,3.0,1.0,2.0,1.0,3.0,68.0,2.0,11.0,2
21.0,1.0,1.0,0.0,1.0,1.61,4.0,1.0,2.0,1.0,2.0,68.0,2.0,10.0,2
21.0,1.0,3.0,1.0,1.0,1.75,2.0,1.0,0.0,1.0,2.0,78.0,2.0,11.0,2
19.0,1.0,2.0,1.0,0.0,1.86,4.0,1.0,4.0,1.0,2.0,87.0,1.0,14.0,2
22.0,1.0,1.0,1.0,0.0,1.9,4.0,1.0,4.0,1.0,3.0,91.0,2.0,14.0,2
21.0,1.0,1.0,1.0,1.0,1.76,1.0,1.0,5.0,3.0,2.0,78.0,2.0,16.0,2
21.0,1.0,1.0,1.0,1.0,1.76,1.0,1.0,5.0,3.0,2.0,78.0,2.0,16.0,2
19.0,0.0,2.0,1.0,1.0,1.78,1.0,1.0,5.0,0.0,3.0,80.0,1.0,14.0,2
21.0,1.0,1.0,1.0,0.0,1.71,3.0,1.0,2.0,1.0,1.0,75.0,2.0,10.0,2
21.0,1.0,1.0,1.0,0.0,1.68,3.0,1.0,2.0,1.0,1.0,75.0,2.0,10.0,2
28.0,1.0,1.0,1.0,1.0,1.7,3.0,1.0,4.0,1.0,2.0,74.0,2.0,15.0,2
29.0,1.0,2.0,1.0,0.0,1.77,4.0,1.0,2.0,0.0,2.0,82.0,2.0,11.0,2
26.0,1.0,1.0,1.0,0.0,1.75,3.0,1.0,2.0,1.0,2.0,80.0,2.0,11.0,2
23.0,1.0,3.0,1.0,0.0,1.69,3.0,1.0,2.0,3.0,3.0,75.0,2.0,16.0,2
23.4,1.0,2.0,1.0,0.0,1.82,3.0,1.0,4.0,3.0,2.0,85.0,2.0,16.0,2
22.0,1.0,2.0,1.0,1.0,1.58,3.0,0.0,2.0,1.0,1.0,65.0,2.0,11.0,2
30.0,1.0,1.0,1.0,1.0,1.65,3.0,1.0,0.0,1.0,1.0,74.0,2.0,10.0,2
22.0,1.0,2.0,1.0,0.0,1.71,3.0,1.0,0.0,3.0,1.0,75.0,2.0,11.0,2
18.0,1.0,3.0,1.0,1.0,1.46,3.0,0.0,0.0,1.0,1.0,56.0,2.0,11.0,2
16.4,0.0,2.0,1.0,1.0,1.6,1.0,1.0,2.0,3.0,2.0,65.0,2.0,14.0,2
22.0,1.0,1.0,1.0,1.0,1.56,2.0,0.0,2.0,3.0,2.0,64.0,2.0,13.0,2
27.0,1.0,1.0,1.0,1.0,1.55,2.0,0.0,2.0,1.0,1.0,63.0,2.0,10.0,2
35.0,1.0,1.0,1.0,1.0,1.65,3.0,1.0,2.0,3.0,2.0,74.0,2.0,14.0,2
24.0,1.0,2.0,1.0,0.0,1.86,2.0,1.0,0.0,1.0,2.0,86.0,1.0,12.0,2
23.0,1.0,2.0,1.0,0.0,1.85,1.0,1.0,2.0,1.0,1.0,87.0,2.0,13.0,2
35.599999999999994,1.0,1.0,1.0,1.0,1.57,3.0,1.0,2.0,1.0,3.0,62.0,2.0,14.0,2
16.0,0.0,3.0,1.0,1.0,1.622,1.0,1.0,2.0,3.0,2.0,68.0,2.0,14.0,2
17.0,0.0,1.0,1.0,1.0,1.64,1.0,1.0,0.0,0.0,1.0,67.0,1.0,7.0,2
16.0,0.0,2.0,1.0,1.0,1.61,1.0,1.0,0.0,0.0,2.0,65.0,2.0,9.0,2
18.0,0.0,2.0,1.0,1.0,1.65,1.0,1.0,0.0,1.0,2.0,69.0,1.0,9.0,2
20.0,1.0,2.0,1.0,1.0,1.51,3.0,0.0,2.0,3.0,2.0,61.0,2.0,15.0,2
33.0,0.0,2.0,1.0,0.0,1.84,3.0,0.0,4.0,3.0,2.0,88.0,2.0,17.0,2
19.0,0.0,2.0,1.0,1.0,1.76,1.0,1.0,5.0,1.0,3.0,80.0,1.0,15.0,2
19.0,0.0,2.0,1.0,1.0,1.76,1.0,1.0,5.0,1.0,2.0,80.0,1.0,14.0,2
19.0,1.0,2.0,1.0,0.0,1.8,3.0,1.0,4.0,1.0,2.0,85.0,2.0,14.0,2
19.0,1.0,1.0,1.0,0.0,1.81,4.0,1.0,4.0,3.0,2.0,86.0,2.0,15.0,2
21.0,2.0,3.0,1.0,1.0,1.76,3.0,1.0,0.0,1.0,3.0,79.0,2.0,13.0,2
19.0,2.0,2.0,1.0,1.0,1.76,3.0,1.0,4.0,1.0,3.0,80.0,1.0,16.0,2
18.0,0.0,3.0,1.0,1.0,1.62,1.0,1.0,0.0,1.0,2.0,69.0,2.0,10.0,2
27.0,0.0,1.0,1.0,0.0,1.82,3.0,0.0,4.0,3.0,1.0,87.0,2.0,15.0,2
21.0,1.0,1.0,0.0,0.0,1.64,1.0,0.0,2.0,1.0,3.0,70.0,2.0,11.0,2
21.0,1.0,1.0,0.0,0.0,1.62,1.0,0.0,2.0,1.0,3.0,70.0,2.0,11.0,2
27.0,1.0,1.0,1.0,0.0,1.8,3.0,1.0,2.0,3.0,2.0,86.0,2.0,15.0,2
22.0,1.0,1.0,1.0,0.0,1.7,3.0,1.0,2.0,1.0,2.0,75.0,2.0,11.0,2
21.0,1.0,1.0,1.0,0.0,1.69,4.0,1.0,2.0,1.0,2.0,75.0,2.0,11.0,2
19.0,1.0,1.0,1.0,0.0,1.86,4.0,1.0,4.0,1.0,2.0,89.0,1.0,13.0,2
39.0,1.0,1.0,1.0,1.0,1.74,3.0,0.0,5.0,3.0,1.0,87.0,2.0,17.0,2
40.0,1.0,2.0,1.0,1.0,1.74,3.0,0.0,0.0,1.0,1.0,81.0,2.0,11.0,2
20.0,1.0,2.0,1.0,0.0,1.81,3.0,1.0,2.0,1.0,2.0,85.0,2.0,12.0,2
20.0,1.0,2.0,1.0,0.0,1.85,3.0,1.0,2.0,1.0,2.0,85.0,1.0,12.0,2
21.0,1.0,1.0,1.0,0.0,1.71,3.0,1.0,2.0,1.0,1.0,73.0,1.0,10.0,2
19.0,0.0,2.0,1.0,1.0,1.75,1.0,1.0,5.0,1.0,3.0,80.0,2.0,15.0,2
24.0,1.0,3.0,1.0,0.0,1.72,3.0,1.0,0.0,1.0,2.0,75.0,2.0,11.0,2
23.0,1.0,3.0,1.0,0.0,1.68,3.0,1.0,0.0,1.0,2.0,75.0,2.0,11.0,2
22.0,1.0,1.0,1.0,1.0,1.6,3.0,1.0,2.0,1.0,3.0,68.0,2.0,12.0,2
21.0,1.0,2.0,1.0,1.0,1.62,3.0,1.0,2.0,0.0,2.0,69.0,2.0,11.0,2
21.0,1.0,1.0,0.0,0.0,1.61,3.0,0.0,2.0,1.0,3.0,69.0,2.0,11.0,2
39.0,1.0,2.0,1.0,1.0,1.55,3.0,1.0,0.0,3.0,3.0,62.0,2.0,15.0,2
39.0,1.0,2.0,1.0,1.0,1.57,3.0,1.0,0.0,1.0,2.0,63.0,2.0,12.0,2
22.4,1.0,2.0,1.0,1.0,1.53,3.0,1.0,0.0,1.0,3.0,62.0,2.0,13.0,2
22.0,1.0,1.0,1.0,1.0,1.73,1.0,1.0,4.0,1.0,2.0,78.0,2.0,13.0,2
22.0,1.0,1.0,0.0,0.0,1.63,1.0,0.0,2.0,1.0,3.0,70.0,2.0,11.0,2
21.0,1.0,1.0,0.0,0.0,1.62,1.0,0.0,2.0,1.0,3.0,70.0,2.0,11.0,2
21.0,1.0,1.0,0.0,0.0,1.62,1.0,0.0,2.0,1.0,3.0,70.0,2.0,11.0,2
31.0,1.0,1.0,1.0,1.0,1.68,3.0,1.0,0.0,1.0,1.0,72.0,2.0,10.0,2
21.0,1.0,2.0,1.0,1.0,1.76,1.0,1.0,5.0,3.0,3.0,79.0,2.0,18.0,2
20.0,1.0,1.0,1.0,0.0,1.82,3.0,1.0,5.0,3.0,3.0,85.0,2.0,17.0,2
20.0,1.0,2.0,1.0,0.0,1.82,3.0,1.0,4.0,3.0,2.0,85.0,2.0,16.0,2
22.0,1.0,1.0,1.0,0.0,1.7,3.0,1.0,4.0,1.0,3.0,75.0,2.0,14.0,2
22.0,1.0,1.0,0.0,1.0,1.61,4.0,1.0,2.0,1.0,3.0,68.0,2.0,11.0,2
23.0,1.0,3.0,1.0,0.0,1.71,3.0,1.0,2.0,3.0,3.0,75.0,2.0,16.0,2
23.0,1.0,2.0,1.0,0.0,1.72,3.0,1.0,0.0,1.0,2.0,76.0,2.0,10.0,2
20.8,1.0,1.0,1.0,0.0,1.83,4.0,1.0,4.0,1.0,3.0,89.0,2.0,14.0,2
22.0,1.0,1.0,1.0,1.0,1.61,3.0,1.0,2.0,1.0,3.0,67.0,2.0,12.0,2
21.0,1.0,2.0,1.0,1.0,1.75,2.0,1.0,2.0,1.0,2.0,78.0,2.0,12.0,2
19.0,0.0,2.0,1.0,0.0,1.78,3.0,1.0,5.0,1.0,2.0,80.0,1.0,14.0,2
21.0,1.0,1.0,1.0,0.0,1.69,3.0,1.0,2.0,1.0,2.0,75.0,2.0,11.0,2
24.0,0.0,2.0,1.0,0.0,1.78,3.0,1.0,2.0,1.0,2.0,82.0,2.0,11.0,2
26.0,0.0,2.0,1.0,0.0,1.77,3.0,1.0,2.0,1.0,2.0,83.0,2.0,11.0,2
23.0,1.0,3.0,1.0,0.0,1.7,3.0,1.0,2.0,1.0,2.0,75.0,2.0,13.0,2
20.0,1.0,1.0,1.0,0.0,1.81,3.0,1.0,2.0,3.0,2.0,85.0,2.0,13.0,2
22.0,1.0,1.0,1.0,1.0,1.6,3.0,0.0,2.0,3.0,2.0,65.0,2.0,13.0,2
23.0,1.0,3.0,1.0,0.0,1.7,3.0,1.0,2.0,3.0,3.0,75.0,2.0,16.0,2
23.0,1.0,3.0,1.0,0.0,1.71,4.0,1.0,0.0,3.0,1.0,76.0,2.0,12.0,2
17.0,1.0,3.0,1.0,1.0,1.49,2.0,0.0,0.0,1.0,2.0,54.0,1.0,12.0,2
18.0,1.0,3.0,1.0,1.0,1.52,2.0,0.0,0.0,1.0,1.0,56.0,1.0,11.0,2
23.0,1.0,3.0,1.0,1.0,1.59,3.0,0.0,4.0,1.0,3.0,65.0,2.0,16.0,2
35.0,1.0,1.0,1.0,1.0,1.68,2.0,1.0,0.0,3.0,2.0,74.0,2.0,13.0,2
23.0,1.0,2.0,1.0,0.0,1.87,3.0,1.0,0.0,1.0,1.0,90.0,2.0,11.0,2
39.0,1.0,1.0,1.0,1.0,1.58,3.0,1.0,2.0,1.0,2.0,63.0,2.0,13.0,2
20.0,1.0,2.0,0.0,0.0,1.62,1.0,0.0,2.0,1.0,3.0,70.0,2.0,12.0,2
16.0,0.0,3.0,1.0,1.0,1.61,1.0,1.0,2.0,1.0,2.0,67.0,2.0,13.0,2
18.0,0.0,3.0,1.0,1.0,1.62,1.0,1.0,2.0,1.0,1.0,67.0,2.0,11.0,2
19.0,0.0,1.0,1.0,0.0,1.64,1.0,1.0,2.0,1.0,2.0,70.0,1.0,10.0,2
20.0,1.0,1.0,1.0,1.0,1.54,3.0,0.0,0.0,3.0,2.0,64.0,2.0,12.0,2
17.0,1.0,3.0,1.0,1.0,1.6,2.0,1.0,2.0,3.0,2.0,65.0,2.0,16.0,2
32.0,1.0,2.0,1.0,1.0,1.65,3.0,1.0,2.0,3.0,1.0,74.0,2.0,15.0,2
32.0,1.0,1.0,1.0,1.0,1.65,3.0,1.0,2.0,1.0,1.0,74.0,2.0,12.0,2
18.0,2.0,1.0,1.0,0.0,1.75,3.0,1.0,0.0,1.0,2.0,80.0,2.0,10.0,2
20.0,1.0,1.0,1.0,0.0,1.84,4.0,1.0,4.0,1.0,3.0,89.0,2.0,14.0,2
20.0,1.0,1.0,1.0,0.0,1.82,4.0,1.0,4.0,3.0,2.0,88.0,2.0,15.0,2
19.0,0.0,3.0,1.0,1.0,1.76,2.0,1.0,2.0,1.0,3.0,79.0,1.0,13.0,2
18.0,0.0,3.0,1.0,1.0,1.62,1.0,1.0,0.0,1.0,1.0,68.0,2.0,9.0,2
18.0,2.0,2.0,1.0,1.0,1.73,3.0,1.0,2.0,3.0,2.0,76.0,1.0,15.0,2
18.0,2.0,2.0,1.0,1.0,1.73,3.0,1.0,2.0,3.0,2.0,76.0,1.0,15.0,2
20.0,1.0,2.0,1.0,1.0,1.54,3.0,0.0,0.0,3.0,2.0,65.0,2.0,13.0,2
21.0,1.0,2.0,1.0,0.0,1.77,1.0,1.0,2.0,1.0,2.0,89.0,2.0,12.0,3
22.0,1.0,1.0,1.0,0.0,1.75,2.0,1.0,2.0,1.0,2.0,89.0,2.0,11.0,3
21.0,0.0,2.0,1.0,0.0,1.67,3.0,1.0,4.0,1.0,2.0,80.0,2.0,13.0,3
21.6,0.0,2.0,1.0,0.0,1.72,2.0,1.0,4.0,1.0,2.0,81.0,2.0,13.0,3
33.0,1.0,1.0,1.0,0.0,1.91,2.0,1.0,2.0,1.0,2.0,101.0,2.0,9.0,3
28.8,1.0,1.0,1.0,0.0,1.74,3.0,1.0,0.0,1.0,2.0,83.0,2.0,11.0,3
30.0,1.0,2.0,1.0,0.0,1.7,3.0,1.0,0.0,1.0,2.0,82.0,2.0,12.0,3
21.0,0.0,2.0,1.0,0.0,1.72,3.0,1.0,5.0,1.0,2.0,80.0,2.0,14.0,3
39.0,1.0,2.0,1.0,0.0,1.78,1.0,1.0,2.0,3.0,3.0,86.0,2.0,17.0,3
22.0,0.0,2.0,1.0,1.0,1.48,3.0,1.0,0.0,1.0,1.0,61.0,2.0,7.0,3
21.0,0.0,2.0,1.0,1.0,1.57,3.0,1.0,2.0,1.0,2.0,70.0,2.0,10.0,3
21.0,0.0,2.0,1.0,1.0,1.57,3.0,1.0,0.0,3.0,1.0,68.0,2.0,9.0,3
23.0,1.0,2.0,1.0,0.0,1.8,2.0,1.0,0.0,1.0,2.0,90.0,2.0,10.0,3
23.0,0.0,3.0,1.0,1.0,1.67,2.0,1.0,2.0,1.0,1.0,80.0,2.0,11.0,3
25.0,1.0,2.0,1.0,0.0,1.7,3.0,1.0,0.0,1.0,2.0,85.0,2.0,10.0,3
25.0,1.0,2.0,1.0,1.0,1.7,3.0,1.0,2.0,3.0,3.0,78.0,2.0,15.0,3
31.0,1.0,1.0,1.0,0.0,1.84,3.0,1.0,0.0,1.0,1.0,91.0,2.0,8.0,3
24.0,1.0,1.0,1.0,0.0,1.7,3.0,1.0,0.0,1.0,3.0,81.0,2.0,10.0,3
29.0,2.0,2.0,1.0,1.0,1.7,3.0,1.0,4.0,3.0,2.0,78.0,2.0,19.0,3
18.0,0.0,2.0,1.0,0.0,1.7,3.0,1.0,2.0,1.0,2.0,83.0,2.0,10.0,3
19.0,1.0,2.0,1.0,1.0,1.66,3.0,1.0,0.0,1.0,3.0,77.0,2.0,11.0,3
26.0,1.0,3.0,1.0,0.0,1.84,2.0,1.0,4.0,0.0,2.0,96.0,2.0,14.0,3
23.0,1.0,3.0,1.0,0.0,1.82,1.0,1.0,0.0,1.0,2.0,93.0,2.0,11.0,3
23.0,1.0,2.0,1.0,0.0,1.72,3.0,1.0,0.0,3.0,3.0,85.0,2.0,13.0,3
23.0,1.0,3.0,1.0,0.0,1.79,3.0,1.0,0.0,1.0,1.0,90.0,2.0,10.0,3
25.0,2.0,2.0,1.0,1.0,1.7,3.0,1.0,2.0,3.0,2.0,81.0,2.0,15.0,3
34.0,0.0,1.0,1.0,0.0,1.68,2.0,1.0,2.0,1.0,2.0,84.0,2.0,12.0,3
27.0,2.0,1.0,1.0,1.0,1.66,3.0,1.0,0.0,1.0,2.0,79.0,2.0,10.0,3
21.6,0.0,1.0,1.0,0.0,1.77,3.0,0.0,2.0,1.0,2.0,80.0,2.0,12.0,3
35.0,0.0,2.0,1.0,0.0,1.77,3.0,1.0,4.0,3.0,3.0,85.0,2.0,18.0,3
18.0,0.0,2.0,1.0,0.0,1.65,2.0,1.0,2.0,3.0,2.0,80.0,2.0,13.0,3
29.0,0.0,1.0,1.0,1.0,1.53,1.0,1.0,0.0,1.0,1.0,65.0,2.0,6.0,3
25.0,0.0,1.0,1.0,1.0,1.57,1.0,1.0,2.0,1.0,1.0,65.0,2.0,8.0,3
22.0,0.0,2.0,1.0,1.0,1.5,1.0,1.0,0.0,1.0,2.0,64.0,2.0,8.0,3
23.0,0.0,2.0,1.0,1.0,1.51,4.0,1.0,2.0,1.0,2.0,65.0,2.0,10.0,3
23.0,1.0,2.0,1.0,0.0,1.72,2.0,1.0,2.0,1.0,2.0,82.0,2.0,12.0,3
37.0,0.0,3.0,1.0,1.0,1.65,3.0,1.0,0.0,1.0,2.0,80.0,2.0,12.0,3
34.0,0.0,2.0,1.0,1.0,1.65,2.0,1.0,2.0,3.0,2.0,77.0,2.0,15.0,3
31.0,1.0,2.0,1.0,0.0,1.85,3.0,1.0,2.0,3.0,3.0,99.0,2.0,17.0,3
34.0,1.0,1.0,1.0,0.0,1.84,2.4,1.0,2.0,1.0,3.0,96.0,2.0,14.0,3
19.0,1.0,2.0,1.0,1.0,1.56,3.0,1.0,2.0,3.0,2.0,72.0,2.0,13.0,3
19.0,1.0,2.0,1.0,1.0,1.62,4.0,1.0,2.0,3.0,2.0,72.0,2.0,13.0,3
20.0,0.0,2.0,1.0,0.0,1.7,2.0,1.0,0.0,1.0,3.0,78.0,2.0,9.0,3
51.0,0.0,1.0,1.0,0.0,1.75,3.0,1.0,2.0,1.0,2.0,82.0,2.0,12.0,3
18.0,1.0,1.0,1.0,0.0,1.72,3.0,1.0,2.0,1.0,3.0,85.0,2.0,12.0,3
23.6,1.0,2.0,1.0,0.0,1.7,1.0,1.0,4.0,3.0,2.0,81.0,2.0,16.0,3
34.0,0.0,1.0,1.0,1.0,1.69,2.0,1.0,0.0,3.0,2.0,78.0,2.0,12.0,3
17.0,1.0,2.0,1.0,0.0,1.79,3.0,1.0,2.0,1.0,3.0,95.0,2.0,13.0,3
33.0,0.0,1.0,1.0,0.0,1.71,3.0,1.0,4.0,1.0,3.0,83.0,2.0,15.0,3
33.0,0.0,2.0,1.0,0.0,1.73,3.0,1.0,5.0,3.0,2.0,85.0,2.0,18.0,3
20.0,1.0,1.0,1.0,1.0,1.63,1.0,1.0,4.0,3.0,2.0,74.0,2.0,14.0,3
34.0,1.0,1.0,1.0,0.0,1.84,2.0,1.0,2.0,1.0,3.0,93.0,2.0,14.0,3
23.0,1.0,1.0,1.0,0.0,1.71,2.0,1.0,0.0,3.0,3.0,82.0,2.0,12.0,3
19.0,1.0,2.0,1.0,0.0,1.71,3.0,1.0,4.0,1.0,2.0,77.0,2.0,13.0,3
33.0,0.0,1.0,1.0,0.0,1.73,3.0,1.0,2.0,1.0,2.0,84.0,2.0,12.0,3
18.0,1.0,1.0,1.0,0.0,1.75,3.0,1.0,2.0,3.0,2.0,76.0,1.0,12.0,3
31.0,1.0,1.0,1.0,0.0,1.78,1.0,1.0,2.0,1.0,2.0,88.0,2.0,11.0,3
25.0,1.0,2.0,1.0,0.0,1.79,2.0,1.0,0.0,0.0,2.0,88.0,2.0,9.0,3
24.0,1.0,2.0,1.0,0.0,1.72,3.0,1.0,0.0,1.0,3.0,86.0,2.0,11.0,3
20.0,0.0,2.0,1.0,1.0,1.53,4.0,1.0,2.0,1.0,1.0,69.0,2.0,9.0,3
34.0,0.0,3.0,1.0,1.0,1.66,3.0,1.0,0.0,1.0,3.0,80.0,2.0,13.0,3
34.0,0.0,2.0,1.0,1.0,1.67,2.0,1.0,2.0,3.0,2.0,77.0,2.0,15.0,3
23.0,1.0,1.0,1.0,0.0,1.73,3.0,1.0,2.0,3.0,2.0,82.0,2.0,13.0,3
43.0,0.0,1.0,1.0,1.0,1.73,2.0,1.0,2.0,1.0,2.0,87.0,2.0,12.0,3
45.0,0.0,1.0,1.0,1.0,1.68,3.0,1.0,0.0,3.0,1.0,80.0,2.0,11.0,3
21.0,0.0,2.0,1.0,0.0,1.72,3.0,1.0,5.0,1.0,2.0,80.0,2.0,14.0,3
31.0,1.0,1.0,1.0,0.0,1.92,1.0,1.0,2.0,1.0,2.0,102.0,2.0,11.0,3
31.0,0.0,1.0,1.0,0.0,1.71,3.0,1.0,0.0,3.0,1.0,83.0,2.0,11.0,3
22.0,0.0,2.0,1.0,0.0,1.66,2.8,1.0,5.0,1.0,2.0,80.0,2.0,14.0,3
31.0,0.0,1.0,1.0,1.0,1.54,3.0,1.0,2.0,1.0,2.0,66.0,2.0,9.0,3
35.0,1.0,1.0,1.0,0.0,1.81,2.0,1.0,0.0,1.0,2.0,90.0,2.0,11.0,3
21.0,0.0,2.0,1.0,1.0,1.52,3.0,1.0,2.0,1.0,2.0,67.0,2.0,10.0,3
19.0,1.0,1.0,1.0,0.0,1.74,3.0,1.0,5.0,1.0,3.0,87.0,2.0,15.0,3
20.0,0.0,2.0,1.0,1.0,1.53,3.0,1.0,4.0,1.0,2.0,65.0,2.0,12.0,3
23.0,1.0,2.0,1.0,0.0,1.8,2.0,1.0,0.0,0.0,2.0,90.0,2.0,9.0,3
23.0,0.0,3.0,1.0,1.0,1.68,3.0,1.0,0.0,1.0,2.0,80.0,2.0,10.0,3
24.0,0.0,1.0,1.0,1.0,1.66,3.0,1.0,0.0,1.0,2.0,80.0,2.0,8.0,3
25.0,1.0,2.0,1.0,0.0,1.74,3.0,1.0,0.0,3.0,2.0,83.0,2.0,12.0,3
29.0,2.0,2.0,1.0,1.0,1.7,3.0,1.0,4.0,3.0,2.0,78.0,2.0,19.0,3
17.0,1.0,2.0,1.0,0.0,1.7,3.0,1.0,2.0,1.0,2.0,83.0,2.0,11.0,3
19.0,1.0,2.0,1.0,1.0,1.63,3.0,1.0,4.0,3.0,2.0,78.0,2.0,15.0,3
24.0,1.0,3.0,1.0,0.0,1.86,2.0,1.0,2.0,0.0,2.0,96.0,2.0,12.0,3
23.0,1.0,2.0,1.0,0.0,1.77,3.0,1.0,0.0,1.0,1.0,90.0,2.0,9.0,3
29.0,2.0,2.0,1.0,1.0,1.7,3.0,1.0,2.0,3.0,2.0,78.0,2.0,17.0,3
34.0,0.0,1.0,1.0,0.0,1.72,3.0,1.0,4.0,1.0,3.0,84.0,2.0,15.0,3
28.0,2.0,1.0,1.0,1.0,1.66,2.0,1.0,2.0,3.0,2.0,78.0,2.0,16.0,3
35.0,0.0,2.0,1.0,0.0,1.71,3.0,1.0,4.0,3.0,3.0,85.0,2.0,18.0,3
21.0,0.0,2.0,1.0,0.0,1.68,3.0,1.0,4.0,1.0,2.0,80.0,2.0,13.0,3
38.0,0.0,1.0,1.0,1.0,1.68,3.0,1.0,0.0,1.0,1.0,77.0,2.0,9.0,3
22.0,1.0,2.0,1.0,0.0,1.72,1.0,1.0,2.0,1.0,2.0,82.0,2.0,12.0,3
25.0,0.0,1.0,1.0,1.0,1.5,1.0,1.0,0.0,1.0,2.0,64.0,2.0,7.0,3
23.0,1.0,2.0,1.0,0.0,1.72,2.0,1.0,2.0,1.0,1.0,82.0,2.0,11.0,3
34.0,0.0,2.0,1.0,1.0,1.67,1.0,1.0,2.0,3.0,2.0,77.0,2.0,15.0,3
33.0,1.0,1.0,1.0,0.0,1.84,2.0,1.0,2.0,1.0,3.0,97.0,2.0,14.0,3
20.0,1.0,2.0,1.0,1.0,1.65,2.0,1.0,2.0,3.0,3.0,75.0,2.0,14.0,3
19.0,1.0,2.0,1.0,0.0,1.7,2.0,1.0,0.0,0.0,2.0,78.0,2.0,8.0,3
46.0,0.0,1.0,1.0,0.0,1.72,3.0,1.0,2.0,1.0,2.0,89.0,3.0,12.0,3
18.0,1.0,2.0,1.0,0.0,1.73,3.0,1.0,2.0,1.0,3.0,84.0,2.0,12.0,3
19.0,0.0,1.0,1.0,0.0,1.7,2.0,1.0,0.0,3.0,1.0,80.0,2.0,8.0,3
38.0,0.0,1.0,1.0,1.0,1.7,3.0,1.0,0.0,3.0,3.0,79.0,2.0,13.0,3
37.0,0.0,2.0,1.0,1.0,1.67,3.0,1.0,0.0,1.0,2.0,81.0,2.0,11.0,3
19.0,1.0,2.0,1.0,1.0,1.59,3.0,1.0,5.0,3.0,2.0,74.0,2.0,16.0,3
25.0,1.0,2.0,1.0,0.0,1.71,3.0,1.0,2.0,3.0,2.0,84.0,2.0,14.0,3
18.0,0.0,2.0,1.0,0.0,1.68,3.0,1.0,0.0,1.0,2.0,80.0,2.0,9.0,3
27.0,1.0,2.0,1.0,0.0,1.84,1.0,1.0,4.0,3.0,1.0,98.0,2.0,15.0,3
18.0,1.0,2.0,1.0,0.0,1.74,3.0,1.0,4.0,3.0,2.0,87.0,2.0,16.0,3
33.0,0.0,1.0,1.0,0.0,1.74,3.0,1.0,2.0,1.0,2.0,85.0,2.0,12.0,3
30.0,1.0,1.0,1.0,0.0,1.81,3.0,1.0,0.0,1.0,2.0,93.0,2.0,9.0,3
25.0,1.0,1.0,1.0,0.0,1.76,1.0,1.0,0.0,1.0,2.0,89.0,2.0,9.0,3
18.0,0.0,2.0,1.0,1.0,1.54,3.0,1.0,2.0,3.0,2.0,72.0,2.0,12.0,3
35.0,0.0,3.0,1.0,1.0,1.65,3.0,1.0,2.0,1.0,1.0,79.0,2.0,13.0,3
24.0,1.0,2.0,1.0,0.0,1.73,3.0,1.0,0.0,3.0,2.0,85.0,2.0,12.0,3
39.0,0.0,2.0,1.0,1.0,1.71,1.0,1.0,2.0,3.0,2.0,86.0,2.0,15.0,3
21.0,1.0,2.0,1.0,0.0,1.78,1.0,1.0,0.0,1.0,2.0,90.0,2.0,10.0,3
21.0,0.0,2.0,1.0,0.0,1.72,3.0,1.0,5.0,1.0,2.0,80.0,2.0,14.0,3
33.0,1.0,1.0,1.0,0.0,1.9,2.0,1.0,2.0,1.0,2.0,100.0,2.0,13.0,3
33.0,0.0,1.0,1.0,0.0,1.74,3.0,1.0,0.0,1.0,2.0,83.0,2.0,10.0,3
23.0,0.0,3.0,1.0,1.0,1.65,3.0,1.0,0.0,1.0,2.0,80.0,2.0,10.0,3
24.0,0.0,2.0,1.0,1.0,1.58,3.0,1.0,2.0,1.0,2.0,65.0,2.0,10.0,3
37.0,0.0,2.0,1.0,0.0,1.75,1.0,1.0,0.0,3.0,2.0,83.0,2.0,13.0,3
34.0,1.0,2.0,1.0,0.0,1.84,3.0,1.0,2.0,1.0,1.0,92.0,2.0,13.0,3
22.8,0.0,2.0,1.0,1.0,1.52,2.0,1.0,4.0,1.0,2.0,65.0,2.0,12.0,3
20.0,1.0,1.0,1.0,0.0,1.76,3.0,1.0,4.0,1.0,3.0,88.0,2.0,14.0,3
19.0,0.0,2.0,1.0,1.0,1.56,3.0,1.0,2.0,3.0,2.0,70.0,2.0,12.0,3
21.0,0.0,2.0,1.0,1.0,1.55,3.0,1.0,4.0,1.0,1.0,67.0,2.0,11.0,3
22.0,1.0,3.0,1.0,0.0,1.79,3.0,1.0,0.0,1.0,1.0,90.0,2.0,10.0,3
22.0,1.0,2.0,1.0,0.0,1.78,2.0,1.0,0.0,1.0,2.0,90.0,2.0,10.0,3
23.0,0.0,2.0,1.0,1.0,1.7,3.0,1.0,0.0,1.0,2.0,80.0,2.0,9.0,3
23.0,0.0,3.0,1.0,0.0,1.67,2.0,1.0,2.0,1.0,1.0,81.0,2.0,11.0,3
24.0,1.0,2.0,1.0,0.0,1.7,3.0,1.0,0.0,1.0,2.0,85.0,2.0,10.0,3
24.0,1.0,1.0,1.0,0.0,1.72,3.0,1.0,2.0,1.0,2.0,84.0,2.0,11.0,3
27.0,2.0,2.0,1.0,1.0,1.7,3.0,1.0,2.0,3.0,3.0,78.0,2.0,16.0,3
24.0,1.0,2.0,1.0,1.0,1.7,3.0,1.0,2.0,1.0,2.0,80.0,2.0,12.0,3
26.0,2.0,2.0,1.0,1.0,1.7,3.0,1.0,2.0,3.0,2.0,78.0,2.0,17.0,3
18.0,1.0,2.0,1.0,0.0,1.71,3.0,1.0,2.0,1.0,2.0,83.0,2.0,12.0,3
19.0,1.0,1.0,1.0,0.0,1.66,1.0,1.0,0.0,1.0,3.0,77.0,2.0,9.0,3
25.0,1.0,3.0,1.0,0.0,1.84,3.0,1.0,2.0,0.0,2.0,96.0,2.0,12.0,3
23.0,1.0,3.0,1.0,0.0,1.81,2.0,1.0,0.0,1.0,2.0,91.0,2.0,11.0,3
24.0,1.0,2.0,1.0,0.0,1.71,3.0,1.0,0.0,1.0,2.0,85.0,2.0,10.0,3
23.0,1.0,2.0,1.0,0.0,1.79,2.0,1.0,0.0,1.0,1.0,90.0,2.0,9.0,3
24.0,1.0,2.0,1.0,1.0,1.7,3.0,1.0,2.0,1.0,2.0,81.0,2.0,12.0,3
34.0,0.0,1.0,1.0,0.0,1.69,3.0,1.0,2.0,1.0,3.0,84.0,2.0,13.0,3
25.0,2.0,2.0,1.0,1.0,1.69,3.0,1.0,0.0,1.0,2.0,78.0,2.0,11.0,3
55.0,0.0,1.0,1.0,0.0,1.67,3.0,1.0,2.0,1.0,2.0,80.0,2.0,12.0,3
35.0,0.0,2.0,1.0,0.0,1.77,3.0,1.0,4.0,3.0,3.0,85.0,2.0,18.0,3
22.0,0.0,3.0,1.0,0.0,1.65,3.0,1.0,2.0,1.0,2.0,80.0,2.0,12.0,3
18.0,0.0,2.0,1.0,0.0,1.66,2.0,1.0,2.0,1.0,2.0,80.0,2.0,10.0,3
42.0,0.0,2.0,1.0,1.0,1.68,3.0,1.0,0.0,3.0,1.0,80.0,2.0,12.0,3
23.4,0.0,2.0,1.0,0.0,1.69,3.0,1.0,5.0,1.0,2.0,80.0,2.0,14.0,3
28.0,0.0,1.0,1.0,1.0,1.51,1.0,1.0,0.0,1.0,1.0,64.0,2.0,6.0,3
21.0,0.0,2.0,1.0,1.0,1.51,3.0,1.0,2.0,1.0,2.0,65.0,2.0,10.0,3
23.0,0.0,3.0,1.0,0.0,1.69,3.0,1.0,0.0,1.0,2.0,81.0,2.0,10.0,3
23.0,1.0,2.0,1.0,0.0,1.72,3.0,1.0,2.0,1.0,2.0,82.0,2.0,12.0,3
38.0,0.0,1.0,1.0,1.0,1.7,3.0,1.0,0.0,3.0,2.0,78.0,2.0,12.0,3
38.0,0.0,2.0,1.0,1.0,1.68,3.0,1.0,0.0,3.0,2.0,79.0,2.0,13.0,3
34.0,0.0,2.0,1.0,1.0,1.68,2.0,1.0,2.0,3.0,2.0,77.0,2.0,15.0,3
34.0,0.0,2.0,1.0,1.0,1.65,2.0,1.0,0.0,1.0,2.0,80.0,2.0,11.0,3
33.0,1.0,1.0,1.0,0.0,1.84,2.0,1.0,2.0,1.0,3.0,97.0,2.0,14.0,3
19.0,0.0,2.0,1.0,1.0,1.56,3.0,1.0,4.0,3.0,2.0,72.0,2.0,14.0,3
20.0,1.0,2.0,1.0,1.0,1.59,4.0,1.0,2.0,3.0,2.0,73.0,2.0,13.0,3
20.0,1.0,2.0,1.0,0.0,1.7,3.0,1.0,2.0,1.0,2.0,78.0,2.0,11.0,3
25.8,0.0,1.0,1.0,0.0,1.74,3.0,1.0,0.0,3.0,1.0,85.0,2.0,11.0,3
18.0,1.0,1.0,1.0,0.0,1.74,3.0,1.0,2.0,1.0,3.0,85.0,2.0,11.0,3
18.0,1.0,1.0,1.0,0.0,1.75,3.0,1.0,2.0,3.0,3.0,76.0,1.0,14.0,3
21.6,0.0,2.0,1.0,0.0,1.72,2.0,1.0,4.0,1.0,2.0,81.0,2.0,13.0,3
34.0,0.0,1.0,1.0,1.0,1.68,2.0,1.0,4.0,3.0,2.0,77.0,2.0,16.0,3
33.0,0.0,1.0,1.0,0.0,1.71,1.0,1.0,5.0,1.0,2.0,83.0,2.0,15.0,3
35.0,0.0,2.0,1.0,0.0,1.75,3.0,1.0,5.0,3.0,3.0,85.0,2.0,19.0,3
19.0,1.0,2.0,1.0,1.0,1.6,3.0,1.0,4.0,3.0,2.0,74.0,2.0,15.0,3
19.0,1.0,2.0,1.0,1.0,1.55,3.0,1.0,4.0,3.0,2.0,73.0,2.0,15.0,3
23.0,1.0,2.0,1.0,0.0,1.71,3.0,1.0,4.0,3.0,3.0,82.0,2.0,17.0,3
20.0,1.0,2.0,1.0,0.0,1.71,3.0,1.0,2.0,1.0,2.0,78.0,2.0,11.0,3
30.0,1.0,2.0,1.0,0.0,1.84,3.0,1.0,2.0,1.0,1.0,94.0,2.0,11.0,3
27.0,1.0,1.0,1.0,0.0,1.83,1.0,1.0,4.0,3.0,1.0,99.0,2.0,14.0,3
21.6,1.0,2.0,1.0,0.0,1.72,2.0,1.0,4.0,1.0,2.0,82.0,2.0,14.0,3
18.0,1.0,1.0,1.0,0.0,1.75,3.0,1.0,2.0,3.0,3.0,86.0,2.0,14.0,3
32.0,1.0,1.0,1.0,0.0,1.76,2.0,1.0,2.0,1.0,2.0,88.0,2.0,11.0,3
24.0,1.0,2.0,1.0,0.0,1.79,2.0,1.0,0.0,1.0,2.0,89.0,2.0,10.0,3
24.0,1.0,2.0,1.0,0.0,1.72,3.0,1.0,2.0,1.0,2.0,85.0,2.0,12.0,3
19.0,0.0,2.0,1.0,1.0,1.55,3.0,1.0,2.0,3.0,1.0,70.0,2.0,11.0,3
35.0,0.0,3.0,1.0,1.0,1.66,3.0,1.0,0.0,1.0,2.0,80.0,2.0,12.0,3
24.0,1.0,1.0,1.0,0.0,1.73,3.0,1.0,2.0,3.0,2.0,83.0,2.0,13.0,3
40.0,0.0,1.0,1.0,0.0,1.72,1.0,1.0,2.0,1.0,2.0,86.0,2.0,12.0,3
46.0,0.0,1.0,1.0,1.0,1.69,3.0,1.0,2.0,1.0,1.0,80.0,2.0,11.0,3
26.0,1.0,3.0,1.0,0.0,1.77,3.0,1.0,4.0,3.0,2.0,105.0,3.0,17.0,4
26.0,1.0,3.0,1.0,0.0,1.84,3.0,1.0,4.0,3.0,3.0,106.0,3.0,18.0,4
31.0,1.0,1.0,1.0,0.0,1.78,3.0,1.0,4.0,1.0,2.0,121.0,4.0,15.0,4
40.0,1.0,2.0,1.0,0.0,1.79,2.0,1.0,5.0,1.0,3.0,102.0,3.0,18.0,4
26.0,1.0,1.0,1.0,1.0,1.59,1.0,1.0,0.0,1.0,2.0,80.0,3.0,9.0,4
44.0,0.0,1.0,1.0,1.0,1.57,1.0,1.0,2.0,3.0,2.0,82.0,3.0,14.0,4
23.0,1.0,2.0,1.0,1.0,1.62,1.0,1.0,0.0,0.0,2.0,82.0,3.0,9.0,4
24.0,0.0,2.0,1.0,0.0,1.73,3.0,1.0,2.0,1.0,3.0,98.0,3.0,12.0,4
21.0,0.0,2.0,1.0,0.0,1.65,1.0,1.0,2.0,1.0,3.0,88.0,3.0,12.0,4
23.0,0.0,2.0,1.0,1.0,1.65,1.0,1.0,0.0,3.0,3.0,87.0,3.0,12.0,4
37.0,1.0,1.0,1.0,1.0,1.56,3.0,1.0,0.0,1.0,2.0,77.0,3.0,11.0,4
23.0,0.0,3.0,1.0,0.0,1.78,3.0,1.0,5.0,1.0,3.0,98.0,3.0,16.0,4
26.0,1.0,1.0,1.0,0.0,1.75,3.0,1.0,4.0,3.0,2.0,108.0,4.0,17.0,4
41.0,1.0,1.0,1.0,1.0,1.55,3.0,1.0,0.0,1.0,1.0,78.0,3.0,10.0,4
23.0,0.0,2.0,1.0,0.0,1.71,3.0,1.0,2.0,1.0,2.0,91.0,3.0,11.0,4
38.0,1.0,1.0,1.0,1.0,1.56,1.0,1.0,4.0,3.0,1.0,80.0,3.0,16.0,4
31.0,1.0,1.0,1.0,0.0,1.67,2.0,1.0,4.0,1.0,2.0,90.0,3.0,15.0,4
23.0,0.0,1.0,1.0,0.0,1.66,3.0,1.0,0.0,1.0,2.0,94.0,3.0,8.0,4
40.0,1.0,2.0,1.0,0.0,1.79,3.0,1.0,4.0,1.0,3.0,98.0,3.0,17.0,4
23.0,0.0,3.0,1.0,0.0,1.76,3.0,1.0,5.0,1.0,3.0,95.0,3.0,16.0,4
35.0,2.0,1.0,1.0,0.0,1.78,1.0,1.0,4.0,1.0,3.0,101.0,3.0,17.0,4
22.0,0.0,2.0,1.0,1.0,1.6,3.0,1.0,4.0,0.0,2.0,82.0,3.0,12.0,4
21.6,0.0,1.0,1.0,1.0,1.61,3.0,1.0,4.0,1.0,2.0,83.0,3.0,12.0,4
23.0,0.0,3.0,1.0,1.0,1.67,1.0,1.0,0.0,3.0,3.0,83.0,2.0,13.0,4
41.0,1.0,1.0,1.0,1.0,1.54,1.0,1.0,4.0,1.0,1.0,80.0,3.0,14.0,4
39.0,1.0,1.0,1.0,1.0,1.51,3.0,1.0,0.0,1.0,1.0,80.0,4.0,10.0,4
26.0,1.0,2.0,1.0,0.0,1.66,3.0,1.0,2.0,1.0,3.0,90.0,3.0,15.0,4
24.0,0.0,1.0,1.0,1.0,1.55,1.0,1.0,2.0,1.0,2.0,78.0,3.0,10.0,4
23.0,0.0,1.0,1.0,1.0,1.62,1.0,1.0,0.0,1.0,2.0,81.0,3.0,8.0,4
21.0,1.0,2.0,1.0,0.0,1.79,3.0,1.0,0.0,1.0,1.0,106.0,3.0,9.0,4
18.0,1.0,3.0,1.0,0.0,1.85,2.0,1.0,2.0,1.0,2.0,115.0,3.0,13.0,4
18.0,1.0,2.0,1.0,1.0,1.69,3.0,1.0,2.0,1.0,2.0,90.0,2.0,12.0,4
18.0,1.0,2.0,1.0,1.0,1.71,3.0,1.0,2.0,1.0,1.0,93.0,2.0,11.0,4
23.0,1.0,2.0,1.0,0.0,1.79,3.0,1.0,0.0,1.0,2.0,105.0,3.0,10.0,4
23.0,1.0,2.0,1.0,0.0,1.75,3.0,1.0,2.0,3.0,2.0,106.0,3.0,14.0,4
24.8,0.0,2.0,1.0,0.0,1.82,3.0,1.0,0.0,1.0,3.0,106.0,3.0,10.0,4
18.0,0.0,3.0,1.0,0.0,1.79,1.0,1.0,2.0,1.0,2.0,109.0,3.0,12.0,4
18.0,0.0,2.0,1.0,0.0,1.82,1.0,1.0,2.0,1.0,2.0,109.0,3.0,11.0,4
19.0,1.0,3.0,1.0,1.0,1.63,3.0,1.0,0.0,0.0,1.0,82.0,2.0,9.0,4
23.0,1.0,1.0,1.0,1.0,1.63,1.0,1.0,0.0,3.0,2.0,82.0,3.0,11.0,4
21.0,1.0,2.0,1.0,0.0,1.93,3.0,1.0,2.0,1.0,3.0,119.0,3.0,13.0,4
22.0,1.0,2.0,1.0,0.0,1.95,3.0,1.0,2.0,1.0,3.0,117.0,3.0,13.0,4
38.0,1.0,1.0,1.0,1.0,1.61,2.0,1.0,4.0,1.0,2.0,80.0,3.0,15.0,4
18.0,0.0,1.0,1.0,0.0,1.74,3.0,1.0,0.0,1.0,2.0,97.0,3.0,8.0,4
38.0,1.0,1.0,1.0,1.0,1.57,3.0,1.0,0.0,1.0,2.0,76.0,3.0,11.0,4
44.0,1.0,1.0,1.0,1.0,1.59,3.0,1.0,0.0,1.0,2.0,76.0,3.0,11.0,4
18.0,1.0,2.0,1.0,0.0,1.82,2.0,1.0,2.0,1.0,2.0,108.0,3.0,12.0,4
18.0,1.0,1.0,1.0,0.0,1.79,2.0,1.0,2.0,1.0,3.0,108.0,3.0,12.0,4
30.0,1.0,3.0,1.0,0.0,1.83,3.0,1.0,2.0,1.0,2.0,109.0,3.0,15.0,4
18.0,0.0,1.0,1.0,1.0,1.67,3.0,1.0,2.0,3.0,2.0,86.0,2.0,12.0,4
25.0,1.0,1.0,1.0,0.0,1.64,3.0,1.0,0.0,0.0,1.0,91.0,3.0,9.0,4
29.0,1.0,1.0,1.0,0.0,1.68,3.0,1.0,0.0,1.0,2.0,90.0,3.0,11.0,4
18.0,0.0,2.0,1.0,1.0,1.6,3.0,1.0,0.0,3.0,1.0,82.0,2.0,10.0,4
18.0,0.0,1.0,1.0,0.0,1.8,1.8,1.0,4.0,1.0,3.0,105.0,3.0,13.0,4
26.0,1.0,3.0,1.0,0.0,1.84,3.0,1.0,4.0,3.0,3.0,105.0,3.0,18.0,4
26.0,1.0,2.0,1.0,0.0,1.81,3.0,1.0,4.0,3.0,3.0,106.0,3.0,17.0,4
37.0,2.0,1.0,1.0,0.0,1.79,3.0,1.0,4.0,1.0,3.0,101.0,3.0,17.0,4
38.0,2.0,2.0,1.0,0.0,1.764,2.0,1.0,4.0,1.0,2.0,100.0,3.0,17.0,4
30.0,0.0,1.0,1.0,1.0,1.53,2.0,1.0,0.0,1.0,2.0,78.0,3.0,8.0,4
29.0,0.0,1.0,1.0,1.0,1.58,1.0,1.0,0.0,1.0,2.0,80.0,3.0,8.0,4
47.0,0.0,1.0,1.0,1.0,1.64,1.0,1.0,0.0,1.0,2.0,82.0,3.0,10.0,4
23.0,1.0,2.0,1.0,1.0,1.6,1.0,1.0,0.0,0.0,2.0,82.0,3.0,9.0,4
23.0,0.0,2.0,1.0,0.0,1.65,3.0,1.0,2.0,1.0,1.0,95.0,3.0,10.0,4
24.0,0.0,2.0,1.0,0.0,1.66,3.0,1.0,2.0,1.0,3.0,90.0,3.0,12.0,4
23.0,0.0,1.0,1.0,1.0,1.63,3.0,1.0,0.0,1.0,2.0,83.0,3.0,8.0,4
38.0,1.0,1.0,1.0,1.0,1.56,1.0,1.0,2.0,3.0,2.0,80.0,3.0,15.0,4
23.0,0.0,3.0,1.0,0.0,1.75,3.0,1.0,5.0,1.0,3.0,95.0,3.0,16.0,4
23.0,0.0,3.0,1.0,0.0,1.75,3.0,1.0,5.0,1.0,3.0,95.0,3.0,16.0,4
21.0,0.0,2.0,1.0,1.0,1.65,1.0,1.0,2.0,1.0,3.0,88.0,3.0,12.0,4
23.0,0.0,2.0,1.0,1.0,1.65,1.0,1.0,2.0,3.0,3.0,88.0,3.0,14.0,4
17.0,0.0,2.0,1.0,1.0,1.63,3.0,1.0,4.0,1.0,1.0,86.0,2.0,12.0,4
29.0,1.0,3.0,1.0,0.0,1.77,3.0,1.0,4.0,3.0,1.0,109.0,3.0,18.0,4
30.0,1.0,1.0,1.0,0.0,1.76,3.0,1.0,4.0,3.0,1.0,109.0,4.0,16.0,4
44.0,0.0,1.0,1.0,1.0,1.6,3.0,1.0,0.0,1.0,2.0,77.0,3.0,10.0,4
41.0,0.0,1.0,1.0,1.0,1.57,3.0,1.0,0.0,1.0,3.0,79.0,3.0,11.0,4
23.0,0.0,2.0,1.0,0.0,1.74,3.0,1.0,2.0,1.0,1.0,93.0,3.0,10.0,4
38.0,1.0,1.0,1.0,1.0,1.63,3.0,1.0,0.0,1.0,1.0,80.0,3.0,10.0,4
32.0,1.0,1.0,1.0,0.0,1.68,2.0,1.0,2.0,3.0,2.0,90.0,3.0,15.0,4
22.0,0.0,1.0,1.0,0.0,1.7,3.0,1.0,0.0,1.0,2.0,96.0,3.0,8.0,4
22.0,0.0,2.0,1.0,0.0,1.72,3.0,1.0,0.0,1.0,2.0,94.0,3.0,9.0,4
36.0,1.0,1.0,1.0,0.0,1.67,2.0,1.0,2.0,3.0,2.0,91.0,3.0,15.0,4
40.0,1.0,2.0,1.0,0.0,1.79,2.0,1.0,2.0,1.0,3.0,98.0,3.0,15.0,4
24.0,0.0,2.0,1.0,0.0,1.77,3.0,1.0,4.0,1.0,3.0,97.0,3.0,14.0,4
35.0,1.0,2.0,1.0,0.0,1.78,1.0,1.0,5.0,3.0,3.0,102.0,3.0,20.0,4
31.0,1.0,3.0,1.0,0.0,1.81,2.0,1.0,2.0,1.0,3.0,105.0,3.0,16.0,4
23.0,0.0,2.0,1.0,1.0,1.63,2.0,1.0,2.0,3.0,3.0,83.0,3.0,14.0,4
23.0,1.0,3.0,1.0,1.0,1.63,1.0,1.0,2.0,1.0,2.0,83.0,3.0,13.0,4
22.0,1.0,3.0,1.0,1.0,1.61,1.0,1.0,0.0,1.0,2.0,82.0,3.0,11.0,4
23.0,0.0,1.0,1.0,1.0,1.58,1.0,1.0,2.0,1.0,2.0,78.0,3.0,10.0,4
17.0,0.0,2.0,1.0,0.0,1.71,3.0,1.0,0.0,1.0,2.0,100.0,3.0,9.0,4
23.0,0.0,1.0,1.0,1.0,1.62,1.0,1.0,0.0,1.0,2.0,82.0,3.0,8.0,4
19.0,1.0,3.0,1.0,0.0,1.86,2.0,1.0,2.0,1.0,3.0,113.0,3.0,14.0,4
19.0,1.0,2.0,1.0,1.0,1.68,3.0,1.0,0.0,1.0,1.0,91.0,2.0,9.0,4
21.0,1.0,1.0,1.0,1.0,1.72,3.0,1.0,0.0,0.0,1.0,93.0,3.0,7.0,4
23.0,1.0,2.0,1.0,0.0,1.8,3.0,1.0,0.0,1.0,2.0,107.0,3.0,10.0,4
22.0,1.0,2.0,1.0,0.0,1.82,3.0,1.0,0.0,1.0,3.0,106.0,3.0,11.0,4
21.0,1.0,1.0,1.0,0.0,1.79,3.0,1.0,0.0,1.0,1.0,105.0,3.0,8.0,4
18.0,0.0,2.0,1.0,0.0,1.78,2.0,1.0,2.0,1.0,2.0,109.0,3.0,11.0,4
18.0,0.0,3.0,1.0,0.0,1.84,2.0,1.0,2.0,1.0,2.0,109.0,3.0,12.0,4
19.0,0.0,3.0,1.0,1.0,1.63,3.0,1.0,0.0,3.0,1.0,82.0,2.0,11.0,4
18.0,0.0,1.0,1.0,1.0,1.65,3.0,1.0,2.0,3.0,2.0,82.0,2.0,12.0,4
22.0,1.0,1.0,1.0,0.0,1.75,3.0,1.0,2.0,3.0,3.0,105.0,3.0,14.0,4
22.0,1.0,1.0,1.0,0.0,1.76,3.0,1.0,2.0,1.0,2.0,105.0,3.0,11.0,4
20.0,1.0,2.0,1.0,0.0,1.94,3.0,1.0,2.0,1.0,3.0,116.80000000000001,3.0,13.0,4
20.0,1.0,2.0,1.0,0.0,1.98,3.0,1.0,2.0,1.0,3.0,121.0,3.0,13.0,4
39.0,1.0,1.0,1.0,1.0,1.59,1.0,1.0,4.0,1.0,2.0,80.0,3.0,15.0,4
38.0,1.0,1.0,1.0,1.0,1.6,1.0,1.0,4.0,1.0,2.0,80.0,3.0,15.0,4
19.0,0.0,2.0,1.0,0.0,1.7,2.0,1.0,0.0,1.0,2.0,98.0,3.0,9.0,4
39.0,1.0,1.0,1.0,1.0,1.53,3.0,1.0,0.0,1.0,1.0,75.0,3.0,10.0,4
39.0,1.0,1.0,1.0,1.0,1.5,3.0,1.0,0.0,1.0,1.0,77.0,3.0,10.0,4
18.0,0.0,1.0,1.0,0.0,1.79,2.0,1.0,2.0,1.0,3.0,108.0,3.0,11.0,4
30.0,1.0,1.0,1.0,0.0,1.81,2.0,1.0,2.0,1.0,2.0,109.0,3.0,13.0,4
18.0,1.0,2.0,1.0,0.0,1.79,2.0,1.0,4.0,1.0,1.0,110.0,3.0,15.0,4
18.0,1.0,1.0,1.0,1.0,1.69,3.0,1.0,2.0,3.0,2.0,90.0,2.0,13.0,4
31.0,1.0,1.0,1.0,0.0,1.67,1.0,1.0,2.0,1.0,1.0,90.0,3.0,12.0,4
18.0,0.0,2.0,1.0,1.0,1.65,3.0,1.0,2.0,3.0,1.0,84.0,2.0,12.0,4
18.0,0.0,1.0,1.0,1.0,1.65,3.0,1.0,2.0,1.0,1.0,85.0,2.0,9.0,4
21.0,0.0,3.0,1.0,0.0,1.7,2.0,1.0,0.0,1.0,2.0,98.0,3.0,10.0,4
21.0,0.0,3.0,1.0,0.0,1.69,2.0,1.0,0.0,1.0,2.0,100.0,4.0,10.0,4
18.0,0.0,2.0,1.0,1.0,1.62,3.0,1.0,2.0,1.0,2.0,82.0,2.0,11.0,4
18.0,0.0,2.0,1.0,1.0,1.63,3.0,1.0,2.0,3.0,1.0,82.0,2.0,12.0,4
20.0,0.0,1.0,1.0,0.0,1.84,3.0,1.0,4.0,1.0,3.0,105.0,3.0,13.0,4
26.0,1.0,3.0,1.0,0.0,1.82,3.0,1.0,4.0,3.0,2.0,105.0,3.0,17.0,4
26.0,1.0,3.0,1.0,0.0,1.83,3.0,1.0,4.0,3.0,2.0,105.0,3.0,17.0,4
26.0,1.0,3.0,1.0,0.0,1.83,3.0,1.0,4.0,3.0,2.0,105.0,3.0,17.0,4
30.0,0.0,2.0,1.0,0.0,1.83,3.0,1.0,4.0,3.0,2.0,105.0,3.0,17.0,4
33.0,1.0,2.0,1.0,0.0,1.78,2.0,1.0,4.0,3.0,3.0,104.0,3.0,19.0,4
39.0,2.0,2.0,1.0,0.0,1.78,2.0,1.0,5.0,3.0,3.0,104.0,3.0,21.0,4
33.0,1.0,1.0,1.0,1.0,1.56,2.0,1.0,0.0,1.0,2.0,78.0,3.0,11.0,4
26.0,1.0,1.0,1.0,1.0,1.56,1.0,1.0,0.0,1.0,2.0,78.0,3.0,11.0,4
23.0,0.0,2.0,1.0,1.0,1.6,1.0,1.0,0.0,1.0,2.0,81.0,3.0,9.0,4
25.0,0.0,1.0,1.0,1.0,1.62,1.0,1.0,0.0,1.0,2.0,82.0,3.0,8.0,4
23.0,1.0,2.0,1.0,1.0,1.63,1.0,1.0,0.0,1.0,2.0,82.0,3.0,10.0,4
23.0,1.0,1.0,1.0,1.0,1.62,1.0,1.0,0.0,1.0,3.0,82.0,3.0,10.0,4
23.0,1.0,1.0,1.0,1.0,1.63,1.0,1.0,0.0,3.0,2.0,82.0,3.0,11.0,4
23.0,0.0,3.0,1.0,0.0,1.73,3.0,1.0,4.0,1.0,2.0,98.0,3.0,14.0,4
21.0,0.0,2.0,1.0,1.0,1.65,1.0,1.0,2.0,3.0,3.0,88.0,3.0,14.0,4
21.0,0.0,2.0,1.0,1.0,1.65,1.0,1.0,4.0,1.0,3.0,71.6,2.0,14.0,4
23.0,0.0,2.0,1.0,1.0,1.67,3.0,1.0,0.0,1.0,3.0,86.0,3.0,10.0,4
23.0,0.0,2.0,1.0,1.0,1.67,2.0,1.0,0.0,1.0,2.0,86.0,3.0,9.0,4
23.0,0.0,1.0,1.0,1.0,1.61,3.0,1.0,4.0,1.0,3.0,84.0,3.0,13.0,4
23.0,0.0,1.0,1.0,1.0,1.65,1.0,1.0,2.0,1.0,3.0,84.0,3.0,11.0,4
39.0,1.0,1.0,1.0,1.0,1.53,3.0,1.0,0.0,1.0,1.0,78.0,3.0,10.0,4
23.0,0.0,2.0,1.0,0.0,1.7,3.0,1.0,2.0,1.0,2.0,95.0,3.0,11.0,4
29.599999999999998,0.0,3.0,1.0,0.0,1.77,3.0,1.0,5.0,1.0,3.0,96.0,3.0,16.0,4
24.0,0.0,3.0,1.0,0.0,1.78,3.0,1.0,5.0,1.0,3.0,98.0,3.0,16.0,4
21.8,0.0,3.0,1.0,1.0,1.64,1.0,1.0,2.0,3.0,3.0,88.0,3.0,15.0,4
18.0,0.0,2.0,1.0,1.0,1.64,3.0,1.0,2.0,3.0,1.0,82.0,2.0,12.0,4
26.0,1.0,2.0,1.0,0.0,1.78,3.0,1.0,4.0,3.0,2.0,106.0,3.0,16.0,4
40.0,1.0,1.0,1.0,1.0,1.56,3.0,1.0,0.0,1.0,2.0,78.0,3.0,11.0,4
24.0,0.0,2.0,1.0,0.0,1.65,3.0,1.0,2.0,0.0,1.0,91.0,3.0,11.0,4
23.0,0.0,2.0,1.0,0.0,1.68,3.0,1.0,2.0,0.0,1.0,91.0,3.0,11.0,4
38.0,1.0,1.0,1.0,1.0,1.55,1.0,1.0,4.0,3.0,1.0,80.0,3.0,16.0,4
38.0,1.0,1.0,1.0,1.0,1.56,2.0,1.0,0.0,3.0,2.0,80.0,3.0,13.0,4
32.0,1.0,1.0,1.0,0.0,1.67,2.0,1.0,4.0,3.0,2.0,90.0,3.0,17.0,4
22.0,0.0,2.0,1.0,0.0,1.66,3.0,1.0,0.0,1.0,2.0,94.0,3.0,9.0,4
40.0,2.0,2.0,1.0,0.0,1.79,2.0,1.0,5.0,3.0,3.0,100.0,3.0,21.0,4
23.0,0.0,2.0,1.0,0.0,1.75,3.0,1.0,5.0,1.0,3.0,95.0,3.0,15.0,4
28.0,0.0,3.0,1.0,0.0,1.75,3.0,1.0,5.0,1.0,3.0,95.0,3.0,16.0,4
22.0,0.0,3.0,1.0,0.0,1.72,3.0,1.0,5.0,1.0,2.0,99.0,3.0,15.0,4
22.0,0.0,2.0,1.0,0.0,1.74,3.0,1.0,4.0,1.0,3.0,98.0,3.0,14.0,4
37.0,1.0,1.0,1.0,0.0,1.79,2.0,1.0,4.0,1.0,3.0,101.0,3.0,16.0,4
38.0,1.0,1.0,1.0,0.0,1.79,2.0,1.0,4.0,1.0,3.0,99.0,3.0,16.0,4
22.0,0.0,1.0,1.0,1.0,1.61,3.0,1.0,4.0,1.0,2.0,84.0,3.0,12.0,4
23.0,0.0,2.0,1.0,1.0,1.6,1.0,1.0,4.0,0.0,2.0,82.0,3.0,12.0,4
22.0,0.0,2.0,1.0,1.0,1.61,3.0,1.0,4.0,1.0,2.0,83.0,3.0,13.0,4
22.0,0.0,1.0,1.0,1.0,1.61,3.0,1.0,4.0,1.0,2.0,82.0,3.0,12.0,4
23.0,1.0,3.0,1.0,1.0,1.66,1.0,1.0,0.0,0.0,3.0,83.0,3.0,11.0,4
23.0,1.0,1.0,1.0,1.0,1.66,1.0,1.0,0.0,3.0,3.0,82.0,2.0,12.0,4
39.0,1.0,1.0,1.0,1.0,1.55,1.0,1.0,4.0,3.0,1.0,80.0,3.0,16.0,4
41.0,1.0,1.0,1.0,1.0,1.55,1.0,1.0,4.0,1.0,2.0,80.0,3.0,15.0,4
41.0,1.0,1.0,1.0,1.0,1.53,3.0,1.0,0.0,1.0,1.0,80.0,3.0,10.0,4
26.0,1.0,2.0,1.0,0.0,1.66,3.0,1.0,0.0,1.0,3.0,90.0,3.0,13.0,4
27.0,1.0,1.0,1.0,0.0,1.67,3.0,1.0,2.0,1.0,3.0,90.0,3.0,14.0,4
24.0,0.0,1.0,1.0,1.0,1.58,1.0,1.0,0.0,1.0,2.0,78.0,3.0,8.0,4
21.0,0.0,1.0,1.0,0.0,1.78,3.0,1.0,2.0,1.0,2.0,103.0,3.0,10.0,4
22.0,0.0,1.0,1.0,0.0,1.78,3.0,1.0,2.0,1.0,3.0,104.0,3.0,11.0,4
23.0,0.0,2.0,1.0,0.0,1.75,3.0,1.0,5.0,1.0,3.0,97.0,3.0,15.0,4
22.0,0.0,2.0,1.0,0.0,1.74,3.0,1.0,5.0,1.0,3.0,97.0,3.0,15.0,4
24.0,0.0,1.0,1.0,1.0,1.59,1.0,1.0,0.0,1.0,2.0,81.0,3.0,8.0,4
21.0,1.0,2.0,1.0,0.0,1.8,3.0,1.0,0.0,1.0,2.0,106.0,3.0,10.0,4
21.0,1.0,1.0,1.0,0.0,1.79,3.0,1.0,0.0,1.0,1.0,106.0,3.0,8.0,4
22.0,1.0,2.0,1.0,0.0,1.87,2.0,1.0,2.0,1.0,3.0,116.0,3.0,13.0,4
18.0,1.0,1.0,1.0,1.0,1.69,3.0,1.0,4.0,3.0,2.0,90.0,2.0,15.0,4
20.0,1.0,2.0,1.0,1.0,1.74,3.0,1.0,2.0,1.0,1.0,94.0,3.0,11.0,4
18.0,1.0,2.0,1.0,1.0,1.69,3.0,1.0,2.0,1.0,1.0,93.0,2.0,11.0,4
22.0,1.0,1.0,1.0,0.0,1.79,3.0,1.0,2.0,1.0,3.0,105.0,3.0,12.0,4
23.0,1.0,1.0,1.0,0.0,1.74,3.0,1.0,2.0,1.0,2.0,105.0,3.0,11.0,4
22.0,1.0,2.0,1.0,0.0,1.8,3.0,1.0,2.0,1.0,2.0,106.0,3.0,12.0,4
25.4,1.0,2.0,1.0,0.0,1.77,3.0,1.0,2.0,1.0,2.0,106.0,3.0,12.0,4
21.0,1.0,1.0,1.0,0.0,1.78,3.0,1.0,2.0,1.0,2.0,103.0,3.0,11.0,4
22.0,1.0,2.0,1.0,0.0,1.79,3.0,1.0,0.0,1.0,3.0,106.0,3.0,11.0,4
22.0,1.0,1.0,1.0,0.0,1.74,3.0,1.0,0.0,1.0,3.0,105.0,3.0,10.0,4
18.0,0.0,3.0,1.0,0.0,1.81,1.0,1.0,2.0,1.0,2.0,109.0,3.0,12.0,4
18.0,0.0,2.0,1.0,0.0,1.81,1.0,1.0,2.0,1.0,2.0,109.0,3.0,11.0,4
18.0,0.0,2.0,1.0,0.0,1.81,1.0,1.0,0.0,1.0,2.0,109.0,3.0,9.0,4
18.0,0.0,3.0,1.0,0.0,1.8,1.0,1.0,2.0,1.0,2.0,109.0,3.0,12.0,4
19.0,1.0,3.0,1.0,1.0,1.62,3.0,1.0,2.0,0.0,1.0,83.0,2.0,11.0,4
23.0,0.0,1.0,1.0,1.0,1.62,1.0,1.0,0.0,1.0,2.0,81.0,3.0,8.0,4
22.8,0.0,2.0,1.0,1.0,1.62,1.0,1.0,0.0,3.0,2.0,83.0,3.0,11.0,4
22.0,1.0,1.0,1.0,0.0,1.77,3.0,1.0,2.0,3.0,3.0,105.0,3.0,14.0,4
22.0,1.0,1.0,1.0,0.0,1.81,3.0,1.0,2.0,1.0,3.0,106.0,3.0,12.0,4
21.0,1.0,2.0,1.0,0.0,1.88,2.0,1.0,2.0,1.0,2.0,117.0,3.0,12.0,4
20.0,1.0,2.0,1.0,0.0,1.88,2.0,1.0,0.0,1.0,3.0,113.0,3.0,11.0,4
22.0,1.0,2.0,1.0,0.0,1.93,3.0,1.0,2.0,1.0,3.0,118.0,3.0,13.0,4
21.0,1.0,3.0,1.0,0.0,1.86,3.0,1.0,2.0,1.0,3.0,115.0,3.0,14.0,4
39.0,1.0,1.0,1.0,1.0,1.57,1.0,1.0,4.0,1.0,2.0,80.0,3.0,15.0,4
38.0,1.0,1.0,1.0,1.0,1.57,2.0,1.0,4.0,1.0,2.0,80.0,3.0,15.0,4
38.0,1.0,1.0,1.0,1.0,1.52,3.0,1.0,0.0,1.0,2.0,77.0,3.0,11.0,4
19.0,0.0,1.0,1.0,0.0,1.71,3.0,1.0,0.0,1.0,2.0,97.0,3.0,8.0,4
17.0,0.0,2.0,1.0,0.0,1.72,3.0,1.0,0.0,1.0,2.0,97.0,3.0,9.0,4
34.4,1.0,1.0,1.0,1.0,1.5,3.0,1.0,0.0,1.0,1.0,75.0,3.0,10.0,4
41.0,1.0,1.0,1.0,1.0,1.54,3.0,1.0,0.0,1.0,2.0,77.0,3.0,11.0,4
18.0,0.0,2.0,1.0,0.0,1.79,2.0,1.0,2.0,1.0,3.0,108.0,3.0,12.0,4
18.0,0.0,2.0,1.0,0.0,1.8,2.0,1.0,2.0,1.0,3.0,108.0,3.0,12.0,4
18.0,0.0,2.0,1.0,0.0,1.8,2.0,1.0,2.0,1.0,3.0,101.8,2.0,12.0,4
29.0,1.0,3.0,1.0,0.0,1.8,3.0,1.0,2.0,1.0,2.0,108.0,3.0,15.0,4
28.0,1.0,3.0,1.0,0.0,1.83,3.0,1.0,2.0,1.0,2.0,107.0,3.0,15.0,4
18.0,0.0,1.0,1.0,1.0,1.69,3.0,1.0,2.0,3.0,2.0,90.0,2.0,12.0,4
18.0,0.0,1.0,1.0,1.0,1.67,3.0,1.0,2.0,1.0,1.0,86.0,2.0,9.0,4
23.0,0.0,1.0,1.0,0.0,1.65,3.0,1.0,0.0,0.0,2.0,80.2,2.0,9.0,4
24.0,0.0,2.0,1.0,0.0,1.66,3.0,1.0,0.0,1.0,1.0,91.0,3.0,10.0,4
29.0,1.0,1.0,1.0,0.0,1.64,3.0,1.0,0.0,0.0,2.0,89.0,3.0,10.0,4
28.0,1.0,1.0,1.0,0.0,1.67,3.0,1.0,2.0,1.0,3.0,90.0,3.0,14.0,4
18.0,0.0,1.0,1.0,1.0,1.62,3.0,1.0,2.0,3.0,1.0,83.0,2.0,11.0,4
18.0,0.0,1.0,1.0,1.0,1.6,3.0,1.0,2.0,1.0,1.0,82.0,2.0,9.0,4
21.0,0.0,2.0,1.0,0.0,1.7,3.0,1.0,2.0,1.0,3.0,97.0,3.0,12.0,4
20.0,0.0,3.0,1.0,0.0,1.7,2.0,1.0,0.0,1.0,2.0,99.0,3.0,10.0,4
21.0,0.0,3.0,1.0,0.0,1.71,1.0,1.0,0.0,1.0,2.0,100.0,3.0,10.0,4
19.0,0.0,2.0,1.0,1.0,1.61,3.0,1.0,0.0,3.0,1.0,82.0,2.0,10.0,4
19.0,0.0,1.0,1.0,0.0,1.8,3.0,1.0,4.0,1.0,3.0,104.0,2.0,13.0,4
20.0,0.0,1.0,1.0,0.0,1.79,3.0,1.0,4.0,1.0,2.0,104.0,3.0,12.0,4
30.0,0.0,2.0,1.0,0.0,1.76,3.0,1.0,0.0,1.0,2.0,112.0,4.0,11.0,6
25.0,1.0,1.0,1.0,0.0,1.79,3.0,1.0,4.0,1.0,2.0,115.0,4.0,15.0,6
33.0,0.0,1.0,1.0,0.0,1.7,2.0,1.0,4.0,3.0,1.0,103.0,4.0,13.0,6
28.0,1.0,1.0,1.0,0.0,1.91,3.0,1.0,4.0,1.0,2.0,129.0,4.0,13.0,6
27.0,1.0,1.0,1.0,0.0,1.77,3.0,1.0,2.0,1.0,2.0,118.0,4.0,12.0,6
26.0,1.0,3.0,1.0,0.0,1.77,3.0,1.0,0.0,1.0,2.0,116.0,4.0,11.0,6
28.0,1.0,1.0,1.0,0.0,1.79,3.0,1.0,0.0,1.0,2.0,113.0,4.0,9.0,6
28.0,1.0,2.0,1.0,0.0,1.83,3.0,1.0,2.0,3.0,3.0,121.0,4.0,15.0,6
25.0,1.0,1.0,1.0,0.0,1.89,3.0,1.0,2.0,1.0,3.0,121.0,3.0,12.0,6
31.0,1.0,2.0,1.0,0.0,1.75,3.0,1.0,2.0,3.0,2.0,120.0,4.0,17.0,6
31.0,1.0,3.0,1.0,0.0,1.87,3.0,1.0,2.0,3.0,1.0,129.0,4.0,17.0,6
32.6,1.0,2.0,1.0,0.0,1.76,3.0,1.0,2.0,0.0,2.0,117.0,4.0,11.0,6
41.0,1.0,1.0,1.0,0.0,1.75,3.0,1.0,0.0,1.0,2.0,117.0,4.0,11.0,6
28.0,1.0,1.0,1.0,0.0,1.7,1.0,1.0,0.0,3.0,1.0,102.0,4.0,12.0,6
23.0,1.0,1.0,1.0,0.0,1.85,3.0,1.0,2.0,3.0,2.0,121.0,4.0,13.0,6
23.0,1.0,1.0,1.0,0.0,1.84,3.0,1.0,2.0,3.0,2.0,122.0,4.0,13.0,6
20.0,0.0,2.0,1.0,0.0,1.65,1.0,1.0,0.0,3.0,2.0,107.0,4.0,11.0,6
25.0,1.0,1.0,1.0,0.0,1.76,3.0,1.0,2.0,0.0,2.0,112.0,4.0,12.0,6
31.0,0.0,1.0,1.0,0.0,1.67,4.0,1.0,4.0,3.0,1.0,102.0,4.0,13.0,6
31.0,1.0,2.0,1.0,0.0,1.91,3.0,1.0,2.0,1.0,1.0,130.0,4.0,11.0,6
30.0,1.0,1.0,1.0,0.0,1.9,3.0,1.0,2.0,1.0,3.0,124.0,3.0,12.0,6
32.0,1.0,1.0,1.0,0.0,1.75,3.0,1.0,0.0,1.0,2.0,118.0,4.0,11.0,6
37.0,1.0,2.0,1.0,0.0,1.75,3.0,1.0,2.0,3.0,2.0,119.0,4.0,16.0,6
22.0,1.0,2.0,1.0,0.0,1.77,3.0,1.0,2.0,1.0,2.0,116.0,4.0,12.0,6
24.0,1.0,2.0,1.0,0.0,1.83,3.0,1.0,4.0,1.0,2.0,121.0,4.0,14.0,6
25.0,1.0,1.0,1.0,0.0,1.83,3.0,1.0,2.0,3.0,3.0,121.0,4.0,14.0,6
32.0,1.0,2.0,1.0,0.0,1.78,3.0,1.0,0.0,3.0,2.0,121.0,4.0,14.0,6
23.0,1.0,2.0,1.0,0.0,1.75,3.0,1.0,4.0,1.0,2.0,117.0,4.0,14.0,6
23.0,1.0,2.0,1.0,0.0,1.75,3.0,1.0,4.0,1.0,2.0,119.0,4.0,14.0,6
41.0,0.0,1.0,1.0,0.0,1.75,4.0,1.0,4.0,1.0,1.0,108.0,4.0,13.0,6
35.0,0.0,1.0,1.0,0.0,1.73,2.0,1.0,4.0,3.0,1.0,104.0,3.0,15.0,6
22.0,1.0,1.0,1.0,0.0,1.85,2.0,1.0,0.0,3.0,2.0,122.0,4.0,11.0,6
22.0,1.0,1.0,1.0,0.0,1.85,2.0,1.0,0.0,3.0,1.0,122.0,4.0,10.0,6
24.0,0.0,2.0,1.0,0.0,1.61,1.0,1.0,2.0,3.0,1.0,100.0,4.0,12.0,6
20.0,0.0,3.0,1.0,0.0,1.61,1.0,1.0,0.0,3.0,1.0,103.0,4.0,11.0,6
27.0,1.0,2.0,1.0,0.0,1.76,3.0,1.0,0.0,0.0,2.0,112.0,4.0,11.0,6
26.0,1.0,1.0,1.0,0.0,1.79,3.0,1.0,2.0,1.0,2.0,115.0,4.0,11.0,6
25.0,1.0,1.0,1.0,0.0,1.77,3.0,1.0,4.0,1.0,2.0,114.0,4.0,13.0,6
31.0,0.0,1.0,1.0,0.0,1.73,4.0,1.0,2.0,1.0,2.0,111.0,4.0,12.0,6
41.0,0.0,1.0,1.0,0.0,1.74,3.0,1.0,2.0,1.0,1.0,110.0,4.0,11.0,6
34.0,0.0,1.0,1.0,0.0,1.7,2.0,1.0,4.0,3.0,1.0,104.0,4.0,13.0,6
30.0,0.0,2.0,1.0,0.0,1.7,2.0,1.0,0.0,3.0,2.0,103.0,4.0,11.0,6
31.0,1.0,1.0,1.0,0.0,1.91,3.0,1.0,4.0,3.0,2.0,129.0,4.0,15.0,6
29.0,1.0,1.0,1.0,0.0,1.91,3.0,1.0,2.0,1.0,1.0,130.0,4.0,10.0,6
31.0,1.0,1.0,1.0,0.0,1.78,3.0,1.0,2.0,1.0,2.0,121.0,4.0,13.0,6
31.0,1.0,3.0,1.0,0.0,1.78,3.0,1.0,0.0,1.0,2.0,121.0,4.0,13.0,6
27.0,1.0,1.0,1.0,0.0,1.86,3.0,1.0,2.0,1.0,3.0,120.0,3.0,12.0,6
27.0,1.0,1.0,1.0,0.0,1.81,3.0,1.0,2.0,1.0,3.0,118.0,4.0,12.0,6
37.0,1.0,1.0,1.0,0.0,1.75,3.0,1.0,0.0,1.0,2.0,118.0,4.0,11.0,6
29.0,1.0,2.0,1.0,0.0,1.82,3.0,1.0,2.0,3.0,3.0,120.0,4.0,17.0,6
25.0,1.0,3.0,1.0,0.0,1.76,3.0,1.0,2.0,1.0,2.0,116.0,4.0,13.0,6
30.0,1.0,2.0,1.0,0.0,1.78,3.0,1.0,0.0,1.0,2.0,112.0,4.0,12.0,6
27.0,1.0,3.0,1.0,0.0,1.78,3.0,1.0,0.0,1.0,2.0,113.0,4.0,13.0,6
26.0,1.0,2.0,1.0,0.0,1.87,3.0,1.0,2.0,1.0,3.0,121.0,3.0,13.0,6
28.0,1.0,2.0,1.0,0.0,1.8,3.0,1.0,2.0,3.0,2.0,119.0,4.0,14.0,6
26.6,1.0,1.0,1.0,0.0,1.88,3.0,1.0,2.0,3.0,2.0,121.0,3.0,13.0,6
32.0,1.0,1.0,1.0,0.0,1.77,3.0,1.0,2.0,3.0,2.0,120.0,4.0,15.0,6
30.0,1.0,2.0,1.0,0.0,1.76,3.0,1.0,2.0,1.0,2.0,118.0,4.0,14.0,6
26.8,1.0,2.0,1.0,0.0,1.82,3.0,1.0,2.0,3.0,1.0,126.0,4.0,14.0,6
31.0,1.0,1.0,1.0,0.0,1.87,3.0,1.0,2.0,1.0,2.0,125.0,4.0,12.0,6
25.0,1.0,1.0,1.0,0.0,1.86,3.0,1.0,2.0,1.0,3.0,118.0,3.0,12.0,6
39.0,1.0,1.0,1.0,0.0,1.77,3.0,1.0,2.0,1.0,2.0,119.0,4.0,13.0,6
39.0,1.0,1.0,1.0,0.0,1.77,3.0,1.0,2.0,1.0,2.0,117.0,4.0,13.0,6
32.0,0.0,1.0,1.0,0.0,1.7,2.0,1.0,4.0,3.0,1.0,103.0,4.0,13.0,6
23.0,1.0,1.0,1.0,0.0,1.84,3.0,1.0,2.0,3.0,3.0,121.0,4.0,14.0,6
24.0,1.0,1.0,1.0,0.0,1.78,3.0,1.0,2.0,3.0,2.0,119.0,4.0,13.0,6
24.0,1.0,1.0,1.0,0.0,1.87,3.0,1.0,2.0,3.0,2.0,122.0,3.0,13.0,6
23.0,1.0,2.0,1.0,0.0,1.76,3.0,1.0,4.0,3.0,2.0,120.0,4.0,16.0,6
31.0,0.0,2.0,1.0,0.0,1.64,2.0,1.0,4.0,3.0,1.0,100.0,4.0,14.0,6
20.0,0.0,2.0,1.0,0.0,1.7,1.0,1.0,0.0,3.0,1.0,105.0,4.0,10.0,6
30.0,1.0,1.0,1.0,0.0,1.76,3.0,1.0,0.0,1.0,2.0,112.0,4.0,11.0,6
30.0,1.0,2.0,1.0,0.0,1.76,3.0,1.0,0.0,0.0,2.0,112.0,4.0,11.0,6
24.0,0.0,2.0,1.0,0.0,1.62,4.0,1.0,4.0,3.0,1.0,100.0,4.0,14.0,6
25.0,0.0,1.0,1.0,0.0,1.62,1.8,1.0,4.0,3.0,1.0,98.0,4.0,13.0,6
30.0,1.0,1.0,1.0,0.0,1.92,3.0,1.0,2.0,1.0,1.0,130.0,4.0,10.0,6
37.0,1.0,1.0,1.0,0.0,1.75,3.0,1.0,0.0,1.0,2.0,118.0,4.0,11.0,6
39.0,1.0,1.0,1.0,0.0,1.75,3.0,1.0,0.0,3.0,2.0,119.0,4.0,13.0,6
23.0,1.0,1.0,1.0,0.0,1.78,3.0,1.0,2.0,1.0,2.0,114.0,4.0,11.0,6
23.0,1.0,2.0,1.0,0.0,1.79,3.0,1.0,4.0,1.0,2.0,116.0,4.0,14.0,6
25.0,1.0,1.0,1.0,0.0,1.8,3.0,1.0,4.0,1.0,3.0,121.0,4.0,14.0,6
32.0,1.0,3.0,1.0,0.0,1.75,3.0,1.0,2.0,3.0,2.0,120.0,4.0,17.0,6
32.0,1.0,3.0,1.0,0.0,1.76,3.0,1.0,0.0,3.0,2.0,119.0,4.0,15.0,6
23.0,1.0,1.0,1.0,0.0,1.83,3.0,1.0,4.0,1.0,2.0,121.0,4.0,13.0,6
23.0,1.0,2.0,1.0,0.0,1.84,3.0,1.0,4.0,1.0,2.0,120.0,4.0,14.0,6
41.0,0.0,1.0,1.0,0.0,1.75,3.0,1.0,2.0,1.0,1.0,110.0,4.0,11.0,6
22.0,1.0,1.0,1.0,0.0,1.85,2.0,1.0,0.0,3.0,1.0,122.19999999999999,4.0,10.0,6
22.0,1.0,1.0,1.0,0.0,1.85,2.0,1.0,0.0,3.0,1.0,123.0,4.0,10.0,6
24.0,0.0,2.0,1.0,0.0,1.61,1.0,1.0,0.0,3.0,1.0,101.0,4.0,10.0,6
24.0,0.0,2.0,1.0,0.0,1.6,1.0,1.0,2.0,3.0,1.0,100.0,4.0,12.0,6
30.2,1.0,2.0,1.0,0.0,1.76,3.0,1.0,0.0,1.0,2.0,112.0,4.0,12.0,6
25.0,1.0,2.0,1.0,0.0,1.79,3.0,1.0,2.0,1.0,2.0,115.0,4.0,12.0,6
25.0,1.0,1.0,1.0,0.0,1.77,3.0,1.0,4.0,1.0,2.0,115.0,4.0,13.0,6
34.0,0.0,1.0,1.0,0.0,1.7,3.0,1.0,4.0,3.0,1.0,107.0,4.0,15.0,6
33.0,0.0,1.0,1.0,0.0,1.7,2.0,1.0,4.0,3.0,1.0,103.0,4.0,13.0,6
30.0,0.0,2.0,1.0,0.0,1.7,2.0,1.0,2.0,3.0,1.0,103.0,4.0,12.0,6
30.0,1.0,1.0,1.0,0.0,1.91,3.0,1.0,4.0,1.0,2.0,130.0,4.0,13.0,6
30.0,1.0,1.0,1.0,0.0,1.8,3.0,1.0,2.0,1.0,2.0,121.0,4.0,13.0,6
30.0,1.0,1.0,1.0,0.0,1.86,3.0,1.0,2.0,1.0,2.0,124.0,4.0,13.0,6
27.0,1.0,1.0,1.0,0.0,1.79,3.0,1.0,2.0,1.0,2.0,118.0,4.0,11.0,6
33.0,1.0,1.0,1.0,0.0,1.75,3.0,1.0,2.0,1.0,2.0,118.0,4.0,13.0,6
26.0,1.0,2.0,1.0,0.0,1.77,3.0,1.0,2.0,1.0,2.0,115.0,4.0,12.0,6
26.0,1.0,3.0,1.0,0.0,1.77,3.0,1.0,2.0,1.0,2.0,116.0,4.0,13.0,6
30.0,1.0,1.0,1.0,0.0,1.79,3.0,1.0,0.0,1.0,2.0,113.0,4.0,11.0,6
27.0,1.0,3.0,1.0,0.0,1.79,3.0,1.0,0.0,1.0,2.0,113.0,4.0,13.0,6
28.0,1.0,2.0,1.0,0.0,1.82,3.0,1.0,2.0,3.0,3.0,121.0,4.0,15.0,6
27.0,1.0,2.0,1.0,0.0,1.84,3.0,1.0,2.0,3.0,3.0,120.0,4.0,15.0,6
25.0,1.0,1.0,1.0,0.0,1.87,3.0,1.0,2.0,3.0,3.0,121.0,3.0,14.0,6
25.0,1.0,1.0,1.0,0.0,1.8,3.0,1.0,4.0,1.0,3.0,121.0,4.0,14.0,6
30.0,1.0,2.0,1.0,0.0,1.76,3.0,1.0,2.0,3.0,2.0,119.0,4.0,16.0,6
31.0,1.0,2.0,1.0,0.0,1.76,3.0,1.0,2.0,3.0,2.0,119.0,4.0,16.0,6
31.0,1.0,1.0,1.0,0.0,1.89,3.0,1.0,2.0,3.0,1.0,129.0,4.0,13.0,6
31.0,1.0,2.0,1.0,0.0,1.87,3.0,1.0,2.0,3.0,1.0,128.0,4.0,14.0,6
25.0,1.0,1.0,1.0,0.0,1.76,3.0,1.0,4.0,1.0,2.0,113.0,4.0,13.0,6
24.0,1.0,1.0,1.0,0.0,1.77,3.0,1.0,2.0,0.0,2.0,117.0,4.0,10.0,6
25.0,1.0,1.0,1.0,0.0,1.77,3.0,1.0,2.0,0.0,2.0,118.0,4.0,10.0,6
40.0,1.0,1.0,1.0,0.0,1.76,3.0,1.0,0.0,1.0,2.0,118.0,4.0,11.0,6
40.0,1.0,1.0,1.0,0.0,1.76,3.0,1.0,2.0,1.0,2.0,117.0,4.0,13.0,6
24.0,1.0,1.0,1.0,0.0,1.87,3.0,1.0,2.0,3.0,2.0,120.6,3.0,13.0,6
23.0,1.0,1.0,1.0,0.0,1.87,3.0,1.0,2.0,3.0,2.0,122.0,3.0,13.0,6
27.0,0.0,2.0,1.0,0.0,1.65,2.0,1.0,2.0,3.0,1.0,99.8,4.0,12.0,6
23.0,0.0,2.0,1.0,0.0,1.64,2.0,1.0,0.0,3.0,2.0,104.0,4.0,11.0,6
30.0,1.0,1.0,1.0,0.0,1.76,3.0,1.0,0.0,1.0,2.0,112.0,4.0,11.0,6
25.0,1.0,1.0,1.0,0.0,1.76,3.0,1.0,2.0,0.0,2.0,113.0,4.0,10.0,6
26.8,1.0,1.0,1.0,0.0,1.77,3.0,1.0,0.0,0.0,2.0,112.0,4.0,8.0,6
32.0,0.0,1.0,1.0,0.0,1.68,2.0,1.0,4.0,3.0,1.0,102.0,4.0,13.0,6
32.6,0.0,1.0,1.0,0.0,1.67,2.0,1.0,4.0,3.0,1.0,101.0,4.0,13.0,6
28.0,0.0,1.0,1.0,0.0,1.69,2.0,1.0,4.0,3.0,1.0,100.0,4.0,13.0,6
31.0,1.0,2.0,1.0,0.0,1.89,3.0,1.0,2.0,1.0,1.0,129.0,4.0,12.0,6
31.0,1.0,1.0,1.0,0.0,1.92,3.0,1.0,2.0,1.0,1.0,130.0,4.0,11.0,6
30.0,1.0,1.0,1.0,0.0,1.84,3.0,1.0,2.0,1.0,3.0,124.0,4.0,12.0,6
31.0,1.0,1.0,1.0,0.0,1.87,3.0,1.0,2.0,3.0,2.0,123.0,4.0,13.0,6
32.0,1.0,1.0,1.0,0.0,1.75,3.0,1.0,0.0,1.0,2.0,119.0,4.0,11.0,6
38.0,1.0,1.0,1.0,0.0,1.75,3.0,1.0,2.0,3.0,2.0,118.0,4.0,15.0,6
38.0,1.0,1.0,1.0,0.0,1.76,3.0,1.0,2.0,3.0,2.0,119.0,4.0,15.0,6
22.0,1.0,2.0,1.0,0.0,1.76,3.0,1.0,4.0,1.0,2.0,116.0,4.0,14.0,6
23.0,1.0,2.0,1.0,0.0,1.77,3.0,1.0,2.0,0.0,2.0,117.0,4.0,11.0,6
25.0,1.0,1.0,1.0,0.0,1.79,3.0,1.0,2.0,1.0,2.0,115.0,4.0,11.0,6
24.0,1.0,2.0,1.0,0.0,1.784,3.0,1.0,0.0,1.0,2.0,116.0,4.0,10.0,6
24.0,1.0,1.0,1.0,0.0,1.84,3.0,1.0,4.0,3.0,2.0,121.0,4.0,15.0,6
24.0,1.0,2.0,1.0,0.0,1.82,3.0,1.0,4.0,1.0,2.0,121.0,4.0,14.0,6
25.0,1.0,1.0,1.0,0.0,1.83,3.0,1.0,2.0,3.0,3.0,121.0,4.0,14.0,6
31.0,1.0,2.0,1.0,0.0,1.78,3.0,1.0,0.0,3.0,2.0,121.0,4.0,14.0,6
31.0,1.0,2.0,1.0,0.0,1.78,3.0,1.0,0.0,1.0,2.0,121.0,4.0,12.0,6
31.0,1.0,3.0,1.0,0.0,1.75,3.0,1.0,2.0,3.0,2.0,119.0,4.0,17.0,6
25.0,1.0,2.0,1.0,0.0,1.76,3.0,1.0,2.0,0.0,2.0,113.8,4.0,11.0,6
23.0,1.0,2.0,1.0,0.0,1.75,3.0,1.0,0.0,1.0,2.0,119.0,4.0,10.0,6
23.0,1.0,2.0,1.0,0.0,1.76,3.0,1.0,4.0,1.0,2.0,119.0,4.0,14.0,6
40.0,0.0,1.0,1.0,0.0,1.71,4.0,1.0,4.0,1.0,1.0,108.0,4.0,13.0,6
37.0,0.0,1.0,1.0,0.0,1.74,3.0,1.0,4.0,3.0,1.0,106.0,4.0,15.0,6
34.0,0.0,1.0,1.0,0.0,1.68,2.0,1.0,4.0,3.0,1.0,103.0,4.0,13.0,6
23.0,1.0,1.0,1.0,0.0,1.85,2.0,1.0,2.0,3.0,2.0,122.0,4.0,13.0,6
23.0,1.0,1.0,1.0,0.0,1.85,3.0,1.0,0.0,3.0,2.0,122.0,4.0,11.0,6
23.0,1.0,1.0,1.0,0.0,1.85,2.0,1.0,2.0,3.0,2.0,122.0,4.0,13.0,6
22.0,1.0,1.0,1.0,0.0,1.87,3.0,1.0,2.0,3.0,2.0,112.0,3.0,13.0,6
24.0,0.0,2.0,1.0,0.0,1.61,1.0,1.0,2.0,3.0,1.0,101.0,4.0,12.0,6
20.0,0.0,2.0,1.0,0.0,1.62,1.0,1.0,0.0,3.0,1.0,103.0,4.0,10.0,6
23.0,0.0,3.0,1.0,0.0,1.61,1.0,1.0,2.0,3.0,1.0,101.0,4.0,13.0,6
30.0,1.0,1.0,1.0,0.0,1.76,3.0,1.0,0.0,1.0,2.0,113.0,4.0,11.0,6
27.0,1.0,2.0,1.0,0.0,1.76,3.0,1.0,0.0,1.0,2.0,112.0,4.0,12.0,6
25.0,1.0,1.0,1.0,0.0,1.76,3.0,1.0,2.0,0.0,2.0,112.0,4.0,12.0,6
26.0,1.0,1.0,1.0,0.0,1.78,3.0,1.0,2.0,1.0,2.0,115.0,4.0,11.0,6
26.0,1.0,1.0,1.0,0.0,1.77,3.0,1.0,4.0,1.0,2.0,114.0,4.0,13.0,6
26.0,1.0,1.0,1.0,0.0,1.77,3.0,1.0,2.0,1.0,2.0,114.0,4.0,11.0,6
30.0,1.0,1.0,1.0,0.0,1.76,3.0,1.0,0.0,0.0,2.0,112.0,4.0,10.0,6
30.0,1.0,1.0,1.0,0.0,1.76,4.0,1.0,0.0,0.0,2.0,112.0,4.0,10.0,6
41.0,0.0,1.0,1.0,0.0,1.75,3.0,1.0,2.0,1.0,1.0,110.0,4.0,11.0,6
41.0,0.0,1.0,1.0,0.0,1.74,3.0,1.0,2.0,1.0,2.0,111.0,4.0,12.0,6
30.0,0.0,1.0,1.0,0.0,1.7,2.0,1.0,4.0,3.0,1.0,104.0,4.0,13.0,6
33.0,0.0,1.0,1.0,0.0,1.7,2.0,1.0,4.0,3.0,1.0,103.0,4.0,13.0,6
31.0,0.0,2.0,1.0,0.0,1.68,2.0,1.0,2.0,3.0,1.0,102.0,4.0,12.0,6
31.0,1.0,2.0,1.0,0.0,1.776,3.0,1.0,2.0,3.0,1.0,112.6,4.0,14.0,6
31.0,1.0,2.0,1.0,0.0,1.91,3.0,1.0,2.0,1.0,2.0,129.0,4.0,13.0,6
30.0,1.0,1.0,1.0,0.0,1.91,3.0,1.0,4.0,1.0,1.0,129.0,4.0,12.0,6
31.0,1.0,2.0,1.0,0.0,1.78,3.0,1.0,2.0,3.0,2.0,121.0,4.0,16.0,6
32.0,1.0,1.0,1.0,0.0,1.77,3.0,1.0,2.0,3.0,2.0,120.0,4.0,15.0,6
31.0,1.0,2.0,1.0,0.0,1.78,3.0,1.0,2.0,1.0,2.0,121.0,4.0,14.0,6
27.0,1.0,1.0,1.0,0.0,1.82,3.0,1.0,2.0,1.0,3.0,120.0,4.0,12.0,6
27.0,1.0,1.0,1.0,0.0,1.84,3.0,1.0,2.0,1.0,3.0,120.0,4.0,12.0,6
26.0,1.0,1.0,1.0,0.0,1.85,3.0,1.0,2.0,1.0,3.0,118.0,3.0,12.0,6
26.0,1.0,1.0,1.0,0.0,1.83,3.0,1.0,2.0,1.0,3.0,118.0,4.0,12.0,6
38.0,1.0,1.0,1.0,0.0,1.76,3.0,1.0,2.0,1.0,2.0,118.0,4.0,13.0,6
28.0,1.0,2.0,1.0,0.0,1.82,3.0,1.0,2.0,3.0,3.0,121.0,4.0,17.0,6
25.0,1.0,1.0,1.0,0.0,1.77,3.0,1.0,2.0,1.0,2.0,114.0,4.0,11.0,6
30.0,1.0,2.0,1.0,0.0,1.76,3.0,1.0,0.0,1.0,2.0,112.0,4.0,12.0,6
27.0,1.0,3.0,1.0,0.0,1.78,3.0,1.0,2.0,1.0,2.0,113.0,4.0,15.0,6
28.0,1.0,3.0,1.0,0.0,1.77,3.0,1.0,0.0,1.0,2.0,113.0,4.0,13.0,6
26.0,1.0,2.0,1.0,0.0,1.89,3.0,1.0,2.0,1.0,3.0,121.0,3.0,13.0,6
28.0,1.0,2.0,1.0,0.0,1.81,3.0,1.0,2.0,3.0,3.0,120.0,4.0,15.0,6
27.0,1.0,1.0,1.0,0.0,1.81,3.0,1.0,2.0,1.0,3.0,120.0,4.0,12.0,6
23.0,1.0,1.0,1.0,0.0,1.87,3.0,1.0,2.0,3.0,2.0,122.0,3.0,13.0,6
24.0,1.0,1.0,1.0,0.0,1.78,3.0,1.0,2.0,3.0,2.0,121.0,4.0,13.0,6
24.0,1.0,1.0,1.0,0.0,1.79,3.0,1.0,2.0,3.0,2.0,121.0,4.0,13.0,6
31.0,1.0,2.0,1.0,0.0,1.76,3.0,1.0,2.0,3.0,2.0,120.0,4.0,16.0,6
31.0,1.0,1.0,1.0,0.0,1.77,3.0,1.0,2.0,3.0,2.0,120.0,4.0,15.0,6
32.0,1.0,1.0,1.0,0.0,1.75,3.0,1.0,2.0,1.0,2.0,118.0,4.0,13.0,6
32.2,1.0,2.0,1.0,0.0,1.76,3.0,1.0,2.0,3.0,2.0,118.0,4.0,16.0,6
31.0,1.0,2.0,1.0,0.0,1.84,3.0,1.0,2.0,1.0,1.0,126.0,4.0,12.0,6
31.0,1.0,1.0,1.0,0.0,1.83,3.0,1.0,2.0,1.0,2.0,125.0,4.0,11.0,6
31.0,1.0,2.0,1.0,0.0,1.86,3.0,1.0,2.0,3.0,2.0,126.0,4.0,14.0,6
27.2,1.0,1.0,1.0,0.0,1.76,3.0,1.0,2.0,0.0,2.0,113.0,4.0,10.0,6
25.0,1.0,1.0,1.0,0.0,1.77,3.0,1.0,4.0,1.0,2.0,114.0,4.0,13.0,6
26.0,1.0,1.0,1.0,0.0,1.8,3.0,1.0,2.0,1.0,2.0,118.0,4.0,11.0,6
25.0,1.0,1.0,1.0,0.0,1.79,3.0,1.0,2.0,1.0,2.0,118.0,4.0,11.0,6
25.0,1.0,1.0,1.0,0.0,1.8,3.0,1.0,2.0,0.0,2.0,118.0,4.0,10.0,6
25.0,1.0,1.0,1.0,0.0,1.84,3.0,1.0,2.0,1.0,3.0,118.0,3.0,12.0,6
37.0,1.0,1.0,1.0,0.0,1.76,3.0,1.0,2.0,1.0,2.0,118.0,4.0,13.0,6
38.0,1.0,2.0,1.0,0.0,1.75,3.0,1.0,2.0,1.0,2.0,119.0,4.0,14.0,6
39.0,1.0,1.0,1.0,0.0,1.77,3.0,1.0,2.0,1.0,2.0,118.0,4.0,13.0,6
38.0,1.0,1.0,1.0,0.0,1.77,3.0,1.0,2.0,1.0,2.0,118.0,4.0,13.0,6
27.0,0.0,2.0,1.0,0.0,1.69,1.0,1.0,0.0,3.0,1.0,103.0,4.0,10.0,6
34.0,0.0,1.0,1.0,0.0,1.71,2.0,1.0,4.0,3.0,1.0,103.0,4.0,13.0,6
24.0,1.0,1.0,1.0,0.0,1.83,3.0,1.0,2.0,3.0,3.0,121.0,4.0,14.0,6
23.0,1.0,1.0,1.0,0.0,1.85,3.0,1.0,2.0,3.0,3.0,121.0,4.0,14.0,6
24.0,1.0,2.0,1.0,0.0,1.77,3.0,1.0,4.0,1.0,2.0,119.0,4.0,14.0,6
25.0,1.0,1.0,1.0,0.0,1.79,3.0,1.0,2.0,0.0,2.0,118.0,4.0,10.0,6
25.0,1.0,1.0,1.0,0.0,1.85,3.0,1.0,2.0,3.0,2.0,121.0,4.0,13.0,6
24.0,1.0,1.0,1.0,0.0,1.87,3.0,1.0,2.0,3.0,3.0,120.6,3.0,14.0,6
23.0,1.0,1.0,1.0,0.0,1.82,3.0,1.0,2.0,3.0,3.0,120.0,4.0,14.0,6
24.0,0.0,2.0,1.0,0.0,1.61,2.0,1.0,2.0,3.0,1.0,100.0,4.0,12.0,6
20.0,0.0,2.0,1.0,0.0,1.66,1.0,1.0,0.0,3.0,2.0,106.0,4.0,11.0,6
21.0,0.0,2.0,1.0,0.0,1.64,1.0,1.0,0.0,3.0,1.0,101.0,4.0,10.0,6
26.0,0.0,2.0,1.0,0.0,1.66,1.0,1.0,0.0,3.0,1.0,104.0,4.0,10.0,6
26.0,1.0,2.0,1.0,1.0,1.58,3.0,1.0,0.0,3.0,1.0,105.0,5.0,11.0,7
18.0,1.0,2.0,1.0,1.0,1.79,3.0,1.0,4.0,3.0,3.0,138.0,3.0,17.0,7
26.0,1.0,1.0,1.0,1.0,1.6,3.0,1.0,0.0,3.0,1.0,105.0,5.0,10.0,7
26.0,1.0,2.0,1.0,1.0,1.68,3.0,1.0,0.0,3.0,2.0,105.0,4.0,12.0,7
26.0,1.0,1.0,1.0,1.0,1.68,3.0,1.0,0.0,3.0,1.0,110.0,4.0,10.0,7
21.0,1.0,2.0,1.0,1.0,1.69,3.0,1.0,0.0,3.0,1.0,134.0,5.0,11.0,7
26.0,1.0,1.0,1.0,1.0,1.62,3.0,1.0,0.0,3.0,3.0,107.2,5.0,12.0,7
21.0,1.0,2.0,1.0,1.0,1.73,3.0,1.0,4.0,3.0,1.0,132.0,5.0,15.0,7
23.0,1.0,2.0,1.0,1.0,1.66,3.0,1.0,0.0,3.0,2.0,114.0,5.0,12.0,7
21.0,1.0,2.0,1.0,1.0,1.75,3.0,1.0,0.0,3.0,2.0,138.6,5.0,12.0,7
21.0,1.0,2.0,1.0,1.0,1.73,3.0,1.0,2.0,3.0,2.0,152.0,5.0,14.0,7
24.0,1.0,2.0,1.0,1.0,1.72,3.0,1.0,0.0,3.0,3.0,115.0,4.0,13.0,7
26.0,1.0,1.0,1.0,1.0,1.63,3.0,1.0,0.0,3.0,3.0,112.0,5.0,12.0,7
26.0,1.0,2.0,1.0,1.0,1.65,3.0,1.0,0.0,3.0,3.0,105.0,4.0,13.0,7
26.0,1.0,1.0,1.0,1.0,1.63,3.0,1.0,0.0,3.0,3.0,107.0,5.0,12.0,7
21.0,1.0,2.0,1.0,1.0,1.74,3.0,1.0,2.0,3.0,2.0,131.0,5.0,14.0,7
24.0,1.0,2.0,1.0,1.0,1.74,3.0,1.0,2.0,3.0,3.0,133.0,5.0,15.0,7
26.0,1.0,2.0,1.0,1.0,1.58,3.0,1.0,0.0,3.0,1.0,102.0,5.0,11.0,7
26.0,1.0,2.0,1.0,1.0,1.61,3.0,1.0,0.0,3.0,1.0,103.0,4.0,11.0,7
18.0,1.0,2.0,1.0,1.0,1.82,3.0,1.0,4.0,3.0,3.0,142.0,3.0,17.0,7
18.0,1.0,2.0,1.0,1.0,1.83,3.0,1.0,4.0,3.0,2.0,153.0,3.0,16.0,7
26.0,1.0,1.0,1.0,1.0,1.64,3.0,1.0,0.0,3.0,3.0,111.0,5.0,12.0,7
26.0,1.0,2.0,1.0,1.0,1.67,3.0,1.0,0.0,3.0,2.0,105.0,4.0,12.0,7
26.0,1.0,2.0,1.0,1.0,1.67,3.0,1.0,0.0,3.0,1.0,105.0,4.0,11.0,7
21.0,1.0,1.0,1.0,1.0,1.67,3.0,1.0,2.0,3.0,1.0,125.0,5.0,12.0,7
21.0,1.0,2.0,1.0,1.0,1.69,3.0,1.0,4.0,3.0,1.0,101.6,4.0,15.0,7
26.0,1.0,1.0,1.0,1.0,1.62,3.0,1.0,0.0,3.0,3.0,111.0,5.0,12.0,7
26.0,1.0,1.0,1.0,1.0,1.64,3.0,1.0,0.0,3.0,3.0,111.0,5.0,12.0,7
22.0,1.0,2.0,1.0,1.0,1.73,3.0,1.0,4.0,3.0,1.0,136.0,5.0,15.0,7
21.0,1.0,2.0,1.0,1.0,1.75,3.0,1.0,4.0,3.0,3.0,134.0,5.0,17.0,7
21.0,1.0,2.0,1.0,1.0,1.81,3.0,1.0,0.0,3.0,3.0,139.0,5.0,13.0,7
21.0,1.0,2.0,1.0,1.0,1.81,3.0,1.0,2.0,3.0,2.0,156.0,5.0,14.0,7
21.0,1.0,2.0,1.0,1.0,1.75,3.0,1.0,4.0,3.0,3.0,134.0,5.0,17.0,7
21.0,1.0,2.0,1.0,1.0,1.75,3.0,1.0,2.0,3.0,3.0,134.0,5.0,15.0,7
26.0,1.0,1.0,1.0,1.0,1.63,3.0,1.0,0.0,3.0,3.0,112.0,5.0,12.0,7
26.0,1.0,2.0,1.0,1.0,1.64,3.0,1.0,0.0,3.0,3.0,105.0,4.0,13.0,7
26.0,1.0,2.0,1.0,1.0,1.62,3.0,1.0,0.0,3.0,2.0,105.0,5.0,12.0,7
26.0,1.0,2.0,1.0,1.0,1.61,3.0,1.0,0.0,3.0,1.0,102.0,4.0,11.0,7
26.0,1.0,2.0,1.0,1.0,1.66,3.0,1.0,0.0,3.0,1.0,103.0,4.0,11.0,7
18.0,1.0,2.0,1.0,1.0,1.8,3.0,1.0,4.0,3.0,2.0,141.0,3.0,16.0,7
20.0,1.0,2.0,1.0,1.0,1.79,3.0,1.0,2.0,3.0,2.0,152.0,5.0,14.0,7
26.0,1.0,1.0,1.0,1.0,1.64,3.0,1.0,0.0,3.0,3.0,112.0,5.0,12.0,7
26.0,1.0,1.0,1.0,1.0,1.62,3.0,1.0,0.0,3.0,3.0,105.0,5.0,12.0,7
26.0,1.0,2.0,1.0,1.0,1.61,3.0,1.0,0.0,3.0,2.0,105.0,5.0,12.0,7
26.0,1.0,2.0,1.0,1.0,1.63,3.0,1.0,0.0,3.0,2.0,105.0,4.0,12.0,7
25.0,1.0,2.0,1.0,1.0,1.68,3.0,1.0,0.0,3.0,1.0,105.0,4.0,11.0,7
26.0,1.0,1.0,1.0,1.0,1.66,3.0,1.0,0.0,3.0,2.0,111.0,5.0,11.0,7
26.0,1.0,1.0,1.0,1.0,1.66,3.0,1.0,0.0,3.0,2.0,110.0,4.0,11.0,7
19.0,1.0,2.0,1.0,1.0,1.67,3.0,1.0,2.0,3.0,1.0,125.0,3.0,13.0,7
21.0,1.0,2.0,1.0,1.0,1.71,3.0,1.0,2.0,3.0,2.0,122.0,5.0,14.0,7
21.0,1.0,2.0,1.0,1.0,1.71,3.0,1.0,4.0,3.0,2.0,132.0,5.0,16.0,7
26.0,1.0,1.0,1.0,1.0,1.64,3.0,1.0,0.0,3.0,3.0,111.0,5.0,12.0,7
26.0,1.0,1.0,1.0,1.0,1.62,3.0,1.0,0.0,3.0,3.0,111.0,5.0,12.0,7
26.0,1.0,1.0,1.0,1.0,1.62,3.0,1.0,0.0,3.0,2.0,110.0,5.0,11.0,7
21.0,1.0,2.0,1.0,1.0,1.74,3.0,1.0,4.0,3.0,2.0,132.0,5.0,16.0,7
22.0,1.0,2.0,1.0,1.0,1.73,3.0,1.0,4.0,3.0,2.0,133.0,5.0,16.0,7
24.0,1.0,2.0,1.0,1.0,1.69,3.0,1.0,0.0,3.0,3.0,100.2,4.0,13.0,7
24.0,1.0,1.0,1.0,1.0,1.64,3.0,1.0,0.0,3.0,3.0,113.0,5.0,12.0,7
18.0,1.0,2.0,1.0,1.0,1.75,3.0,1.0,4.0,3.0,3.0,128.0,3.0,17.0,7
20.0,1.0,2.0,1.0,1.0,1.75,3.0,1.0,2.0,3.0,2.0,129.0,5.0,14.0,7
21.0,1.0,2.0,1.0,1.0,1.75,3.0,1.0,2.0,3.0,2.0,144.0,5.0,14.0,7
19.0,1.0,2.0,1.0,1.0,1.74,3.0,1.0,2.0,3.0,3.0,133.0,3.0,15.0,7
22.0,1.0,2.0,1.0,1.0,1.75,3.0,1.0,2.0,3.0,3.0,134.0,5.0,15.0,7
24.0,1.0,1.0,1.0,1.0,1.69,3.0,1.0,0.0,3.0,3.0,113.0,4.0,12.0,7
25.2,1.0,1.0,1.0,1.0,1.67,3.0,1.0,0.0,3.0,3.0,113.0,5.0,12.0,7
26.0,1.0,1.0,1.0,1.0,1.64,3.0,1.0,0.0,3.0,3.0,112.0,5.0,12.0,7
26.0,1.0,1.0,1.0,1.0,1.64,3.0,1.0,0.0,3.0,3.0,112.0,5.0,12.0,7
26.0,1.0,2.0,1.0,1.0,1.6,3.0,1.0,0.0,3.0,2.0,105.0,5.0,12.0,7
26.0,1.0,2.0,1.0,1.0,1.64,3.0,1.0,0.0,3.0,2.0,105.0,4.0,12.0,7
26.0,1.0,2.0,1.0,1.0,1.63,3.0,1.0,0.0,3.0,3.0,107.0,5.0,13.0,7
26.0,1.0,1.0,1.0,1.0,1.63,3.0,1.0,0.0,3.0,2.0,109.80000000000001,5.0,11.0,7
21.0,1.0,2.0,1.0,1.0,1.71,3.0,1.0,4.0,3.0,2.0,131.0,5.0,16.0,7
23.0,1.0,2.0,1.0,1.0,1.72,3.0,1.0,2.0,3.0,2.0,133.0,5.0,14.0,7
23.0,1.0,2.0,1.0,1.0,1.74,3.0,1.0,2.0,3.0,3.0,133.0,5.0,15.0,7
26.0,1.0,2.0,1.0,1.0,1.57,3.0,1.0,0.0,3.0,1.0,102.0,5.0,11.0,7
26.0,1.0,2.0,1.0,1.0,1.58,3.0,1.0,0.0,3.0,1.0,102.0,5.0,11.0,7
19.0,1.0,2.0,1.0,1.0,1.79,3.0,1.0,4.0,3.0,2.0,161.0,3.0,16.0,7
26.0,1.0,1.0,1.0,1.0,1.66,3.0,1.0,0.0,3.0,3.0,112.0,5.0,12.0,7
26.0,1.0,1.0,1.0,1.0,1.66,3.0,1.0,0.0,3.0,3.0,112.0,5.0,12.0,7
26.0,1.0,2.0,1.0,1.0,1.68,3.0,1.0,0.0,3.0,1.0,105.0,4.0,11.0,7
25.4,1.0,2.0,1.0,1.0,1.68,3.0,1.0,0.0,3.0,1.0,105.0,4.0,11.0,7
19.0,1.0,2.0,1.0,1.0,1.72,3.0,1.0,2.0,3.0,1.0,128.0,3.0,13.0,7
20.0,1.0,2.0,1.0,1.0,1.68,3.0,1.0,2.0,3.0,1.0,125.0,5.0,13.0,7
26.0,1.0,1.0,1.0,1.0,1.62,3.0,1.0,0.0,3.0,3.0,111.0,5.0,12.0,7
22.0,1.0,2.0,1.0,1.0,1.75,3.0,1.0,4.0,3.0,3.0,137.0,5.0,17.0,7
21.0,1.0,2.0,1.0,1.0,1.78,3.0,1.0,4.0,3.0,3.0,138.0,5.0,17.0,7
22.0,1.0,2.0,1.0,1.0,1.81,3.0,1.0,0.0,3.0,2.0,152.0,5.0,12.0,7
22.0,1.0,2.0,1.0,1.0,1.8,3.0,1.0,0.0,3.0,2.0,161.0,5.0,12.0,7
26.0,1.0,1.0,1.0,1.0,1.63,3.0,1.0,0.0,3.0,3.0,112.0,5.0,12.0,7
26.0,1.0,1.0,1.0,1.0,1.64,3.0,1.0,0.0,3.0,3.0,112.0,5.0,12.0,7
26.0,1.0,2.0,1.0,1.0,1.62,3.0,1.0,0.0,3.0,3.0,105.0,5.0,13.0,7
26.0,1.0,1.0,1.0,1.0,1.63,3.0,1.0,0.0,3.0,3.0,105.0,4.0,12.0,7
21.6,1.0,2.0,1.0,1.0,1.76,3.0,1.0,2.0,3.0,2.0,134.0,5.0,14.0,7
26.0,1.0,2.0,1.0,1.0,1.61,3.0,1.0,0.0,3.0,1.0,102.0,4.0,11.0,7
26.0,1.0,2.0,1.0,1.0,1.61,3.0,1.0,0.0,3.0,1.0,102.0,4.0,11.0,7
26.0,1.0,2.0,1.0,1.0,1.62,3.0,1.0,0.0,3.0,2.0,105.0,5.0,12.0,7
19.0,1.0,2.0,1.0,1.0,1.8,3.0,1.0,2.0,3.0,3.0,138.0,3.0,15.0,7
22.0,1.0,2.0,1.0,1.0,1.79,3.0,1.0,4.0,3.0,3.0,138.0,5.0,17.0,7
20.0,1.0,2.0,1.0,1.0,1.8,3.0,1.0,4.0,3.0,2.0,151.0,5.0,16.0,7
20.2,1.0,2.0,1.0,1.0,1.81,3.0,1.0,4.0,3.0,2.0,153.0,5.0,16.0,7
26.0,1.0,1.0,1.0,1.0,1.65,3.0,1.0,0.0,3.0,3.0,112.0,5.0,12.0,7
26.0,1.0,1.0,1.0,1.0,1.66,3.0,1.0,0.0,3.0,2.0,105.0,4.0,11.0,7
26.0,1.0,2.0,1.0,1.0,1.63,3.0,1.0,0.0,3.0,1.0,105.0,4.0,11.0,7
26.0,1.0,2.0,1.0,1.0,1.67,3.0,1.0,0.0,3.0,2.0,105.0,4.0,12.0,7
26.0,1.0,2.0,1.0,1.0,1.64,3.0,1.0,0.0,3.0,1.0,105.0,4.0,11.0,7
26.0,1.0,1.0,1.0,1.0,1.66,3.0,1.0,0.0,3.0,2.0,110.0,4.0,11.0,7
26.0,1.0,1.0,1.0,1.0,1.64,3.0,1.0,0.0,3.0,2.0,110.0,5.0,11.0,7
21.0,1.0,2.0,1.0,1.0,1.68,3.0,1.0,2.0,3.0,1.0,122.0,5.0,13.0,7
23.0,1.0,2.0,1.0,1.0,1.66,3.0,1.0,0.0,3.0,2.0,121.0,5.0,12.0,7
21.0,1.0,2.0,1.0,1.0,1.71,3.0,1.0,4.0,3.0,1.0,134.0,5.0,15.0,7
21.0,1.0,2.0,1.0,1.0,1.72,3.0,1.0,4.0,3.0,2.0,134.0,5.0,16.0,7
26.0,1.0,1.0,1.0,1.0,1.62,3.0,1.0,0.0,3.0,3.0,110.0,5.0,12.0,7
26.0,1.0,1.0,1.0,1.0,1.62,3.0,1.0,0.0,3.0,3.0,110.0,5.0,12.0,7
26.0,1.0,1.0,1.0,1.0,1.62,3.0,1.0,0.0,3.0,3.0,111.0,5.0,12.0,7
21.0,1.0,2.0,1.0,1.0,1.73,3.0,1.0,4.0,3.0,1.0,132.0,5.0,15.0,7
21.0,1.0,2.0,1.0,1.0,1.73,3.0,1.0,4.0,3.0,1.0,132.0,5.0,15.0,7
24.0,1.0,2.0,1.0,1.0,1.64,3.0,1.0,0.0,3.0,2.0,114.0,5.0,12.0,7
21.0,1.0,2.0,1.0,1.0,1.74,3.0,1.0,2.0,3.0,2.0,129.0,5.0,14.0,7
20.0,1.0,2.0,1.0,1.0,1.79,3.0,1.0,2.0,3.0,2.0,152.0,5.0,14.0,7
19.0,1.0,2.0,1.0,1.0,1.74,3.0,1.0,2.0,3.0,3.0,133.0,3.0,15.0,7
20.0,1.0,2.0,1.0,1.0,1.75,3.0,1.0,2.0,3.0,3.0,134.0,5.0,15.0,7
24.0,1.0,1.0,1.0,1.0,1.71,3.0,1.0,0.0,3.0,3.0,113.0,4.0,12.0,7
25.0,1.0,1.0,1.0,1.0,1.69,3.0,1.0,0.0,3.0,3.0,113.0,4.0,12.0,7
26.0,1.0,1.0,1.0,1.0,1.65,3.0,1.0,0.0,3.0,3.0,112.0,5.0,12.0,7
26.0,1.0,1.0,1.0,1.0,1.64,3.0,1.0,0.0,3.0,3.0,112.0,5.0,12.0,7
26.0,1.0,2.0,1.0,1.0,1.63,3.0,1.0,0.0,3.0,2.0,105.0,4.0,12.0,7
26.0,1.0,2.0,1.0,1.0,1.65,3.0,1.0,0.0,3.0,3.0,105.0,4.0,13.0,7
26.0,1.0,2.0,1.0,1.0,1.61,3.0,1.0,0.0,3.0,3.0,107.0,5.0,13.0,7
26.0,1.0,1.0,1.0,1.0,1.63,3.0,1.0,0.0,3.0,3.0,107.0,5.0,12.0,7
21.0,1.0,2.0,1.0,1.0,1.73,3.0,1.0,2.0,3.0,2.0,132.0,5.0,14.0,7
21.0,1.0,2.0,1.0,1.0,1.72,3.0,1.0,4.0,3.0,2.0,131.0,5.0,16.0,7
24.0,1.0,2.0,1.0,1.0,1.74,3.0,1.0,2.0,3.0,3.0,133.0,5.0,15.0,7
24.0,1.0,2.0,1.0,1.0,1.74,3.0,1.0,2.0,3.0,3.0,133.0,5.0,15.0,7
26.0,1.0,2.0,1.0,1.0,1.62,3.0,1.0,0.0,3.0,1.0,102.0,4.0,11.0,7
26.0,1.0,2.0,1.0,1.0,1.64,3.0,1.0,0.0,3.0,1.0,102.0,4.0,11.0,7
26.0,1.0,2.0,1.0,1.0,1.59,3.0,1.0,0.0,3.0,1.0,103.0,5.0,11.0,7
26.0,1.0,2.0,1.0,1.0,1.61,3.0,1.0,0.0,3.0,1.0,102.0,4.0,11.0,7
19.0,1.0,2.0,1.0,1.0,1.82,3.0,1.0,4.0,3.0,3.0,142.0,3.0,17.0,7
26.0,1.0,1.0,1.0,1.0,1.66,3.0,1.0,0.0,3.0,3.0,112.0,5.0,12.0,7
26.0,1.0,1.0,1.0,1.0,1.64,3.0,1.0,0.0,3.0,3.0,111.0,5.0,12.0,7
25.0,1.0,2.0,1.0,1.0,1.67,3.0,1.0,0.0,3.0,1.0,105.0,4.0,11.0,7
26.0,1.0,2.0,1.0,1.0,1.67,3.0,1.0,0.0,3.0,1.0,105.0,4.0,11.0,7
21.0,1.0,2.0,1.0,1.0,1.7,3.0,1.0,2.0,3.0,1.0,126.0,5.0,13.0,7
21.0,1.0,2.0,1.0,1.0,1.73,3.0,1.0,2.0,3.0,2.0,125.0,5.0,14.0,7
26.0,1.0,1.0,1.0,1.0,1.62,3.0,1.0,0.0,3.0,3.0,111.0,5.0,12.0,7
26.0,1.0,1.0,1.0,1.0,1.63,3.0,1.0,0.0,3.0,3.0,111.0,5.0,12.0,7
26.0,1.0,1.0,1.0,1.0,1.62,3.0,1.0,0.0,3.0,3.0,111.0,5.0,12.0,7
22.0,1.0,2.0,1.0,1.0,1.73,3.0,1.0,4.0,3.0,1.0,135.0,5.0,15.0,7
22.0,1.0,2.0,1.0,1.0,1.74,3.0,1.0,4.0,3.0,3.0,135.0,5.0,17.0,7
21.0,1.0,2.0,1.0,1.0,1.75,3.0,1.0,4.0,3.0,2.0,134.0,5.0,16.0,7
22.8,1.0,2.0,1.0,1.0,1.74,3.0,1.0,2.0,3.0,2.0,136.0,5.0,14.0,7
20.0,1.0,2.0,1.0,1.0,1.82,3.0,1.0,4.0,3.0,2.0,154.0,5.0,16.0,7
21.0,1.0,2.0,1.0,1.0,1.8,3.0,1.0,0.0,3.0,2.0,155.0,5.0,12.0,7
21.0,1.0,2.0,1.0,1.0,1.75,3.0,1.0,4.0,3.0,3.0,134.0,5.0,17.0,7
21.0,1.0,2.0,1.0,1.0,1.76,3.0,1.0,0.0,3.0,3.0,134.0,5.0,13.0,7
26.0,1.0,1.0,1.0,1.0,1.63,3.0,1.0,0.0,3.0,3.0,112.0,5.0,12.0,7
26.0,1.0,2.0,1.0,1.0,1.64,3.0,1.0,0.0,3.0,3.0,105.0,4.0,13.0,7
26.0,1.0,1.0,1.0,1.0,1.63,3.0,1.0,0.0,3.0,3.0,105.0,4.0,12.0,7
26.0,1.0,2.0,1.0,1.0,1.61,3.0,1.0,0.0,3.0,1.0,105.0,5.0,11.0,7
26.0,1.0,2.0,1.0,1.0,1.62,3.0,1.0,0.0,3.0,1.0,105.0,5.0,11.0,7
23.0,1.0,2.0,1.0,1.0,1.74,3.0,1.0,2.0,3.0,3.0,133.0,5.0,15.0,7
23.0,1.0,2.0,1.0,1.0,1.76,3.0,1.0,2.0,3.0,3.0,133.0,5.0,15.0,7
19.0,1.0,2.0,1.0,1.0,1.75,3.0,1.0,2.0,3.0,3.0,134.0,3.0,15.0,7
19.0,1.0,2.0,1.0,1.0,1.75,3.0,1.0,0.0,3.0,3.0,134.0,3.0,13.0,7
26.0,1.0,2.0,1.0,1.0,1.61,3.0,1.0,0.0,3.0,1.0,102.0,4.0,11.0,7
26.0,1.0,2.0,1.0,1.0,1.6,3.0,1.0,0.0,3.0,1.0,102.0,4.0,11.0,7
26.0,1.0,2.0,1.0,1.0,1.61,3.0,1.0,0.0,3.0,1.0,103.0,4.0,11.0,7
26.0,1.0,2.0,1.0,1.0,1.62,3.0,1.0,0.0,3.0,1.0,103.0,4.0,11.0,7
26.0,1.0,2.0,1.0,1.0,1.62,3.0,1.0,0.0,3.0,2.0,105.0,5.0,12.0,7
19.0,1.0,2.0,1.0,1.0,1.79,3.0,1.0,2.0,3.0,3.0,138.0,3.0,15.0,7
20.0,1.0,2.0,1.0,1.0,1.77,3.0,1.0,4.0,3.0,3.0,138.0,5.0,17.0,7
21.0,1.0,2.0,1.0,1.0,1.79,3.0,1.0,2.0,3.0,3.0,138.0,5.0,15.0,7
18.0,1.0,2.0,1.0,1.0,1.81,3.0,1.0,4.0,3.0,2.0,143.2,3.0,16.0,7
20.0,1.0,2.0,1.0,1.0,1.81,3.0,1.0,2.0,3.0,2.0,153.0,5.0,14.0,7
21.0,1.0,2.0,1.0,1.0,1.8,3.0,1.0,2.0,3.0,2.0,152.0,5.0,14.0,7
26.0,1.0,1.0,1.0,1.0,1.63,3.0,1.0,0.0,3.0,3.0,112.0,5.0,12.0,7
26.0,1.0,1.0,1.0,1.0,1.64,3.0,1.0,0.0,3.0,3.0,112.0,5.0,12.0,7
26.0,1.0,1.0,1.0,1.0,1.64,3.0,1.0,0.0,3.0,3.0,112.0,5.0,12.0,7
26.0,1.0,1.0,1.0,1.0,1.62,3.0,1.0,0.0,3.0,3.0,105.0,5.0,12.0,7
26.0,1.0,2.0,1.0,1.0,1.64,3.0,1.0,0.0,3.0,2.0,105.0,4.0,12.0,7
26.0,1.0,2.0,1.0,1.0,1.61,3.0,1.0,0.0,3.0,2.0,105.0,5.0,12.0,7
26.0,1.0,2.0,1.0,1.0,1.63,3.0,1.0,0.0,3.0,2.0,105.0,4.0,12.0,7
26.0,1.0,2.0,1.0,1.0,1.63,3.0,1.0,0.0,3.0,3.0,105.0,4.0,13.0,7
25.0,1.0,2.0,1.0,1.0,1.68,3.0,1.0,0.0,3.0,1.0,105.0,4.0,11.0,7
25.0,1.0,2.0,1.0,1.0,1.69,3.0,1.0,0.0,3.0,1.0,105.0,4.0,11.0,7
26.0,1.0,1.0,1.0,1.0,1.66,3.0,1.0,0.0,3.0,2.0,111.0,5.0,11.0,7
26.0,1.0,1.0,1.0,1.0,1.68,3.0,1.0,0.0,3.0,1.0,111.0,4.0,10.0,7
26.0,1.0,1.0,1.0,1.0,1.63,3.0,1.0,0.0,3.0,2.0,110.0,5.0,11.0,7
19.0,1.0,2.0,1.0,1.0,1.67,3.0,1.0,2.0,3.0,1.0,126.0,3.0,13.0,7
22.0,1.0,2.0,1.0,1.0,1.76,3.0,1.0,2.0,3.0,2.0,134.0,5.0,14.0,7
21.0,1.0,2.0,1.0,1.0,1.72,3.0,1.0,4.0,3.0,2.0,132.0,5.0,16.0,7
26.0,1.0,1.0,1.0,1.0,1.62,3.0,1.0,0.0,3.0,2.0,110.0,5.0,11.0,7
26.0,1.0,1.0,1.0,1.0,1.62,3.0,1.0,0.0,3.0,3.0,110.0,5.0,12.0,7
26.0,1.0,1.0,1.0,1.0,1.64,3.0,1.0,0.0,3.0,3.0,111.0,5.0,12.0,7
26.0,1.0,1.0,1.0,1.0,1.63,3.0,1.0,0.0,3.0,2.0,111.0,5.0,11.0,7
26.0,1.0,1.0,1.0,1.0,1.62,3.0,1.0,0.0,3.0,2.0,110.0,5.0,11.0,7
26.0,1.0,1.0,1.0,1.0,1.59,3.0,1.0,0.0,3.0,2.0,110.0,5.0,11.0,7
21.0,1.0,2.0,1.0,1.0,1.73,3.0,1.0,4.0,3.0,2.0,132.0,5.0,16.0,7
22.0,1.0,2.0,1.0,1.0,1.72,3.0,1.0,4.0,3.0,2.0,132.0,5.0,16.0,7
22.0,1.0,2.0,1.0,1.0,1.7,3.0,1.0,4.0,3.0,2.0,133.0,5.0,16.0,7
24.0,1.0,2.0,1.0,1.0,1.7,3.0,1.0,0.0,3.0,3.0,114.0,4.0,13.0,7
25.0,1.0,1.0,1.0,1.0,1.67,3.0,1.0,0.0,3.0,3.0,113.0,5.0,12.0,7
19.0,1.0,2.0,1.0,1.0,1.75,3.0,1.0,2.0,3.0,2.0,129.0,3.0,14.0,7
18.0,1.0,2.0,1.0,1.0,1.74,3.0,1.0,4.0,3.0,2.0,127.0,3.0,16.0,7
20.0,1.0,2.0,1.0,1.0,1.75,3.0,1.0,2.0,3.0,2.0,128.0,5.0,14.0,7
20.0,1.0,2.0,1.0,1.0,1.72,3.0,1.0,2.0,3.0,2.0,129.0,5.0,14.0,7
21.0,1.0,2.0,1.0,1.0,1.75,3.0,1.0,2.0,3.0,2.0,147.0,5.0,14.0,7
20.0,1.0,2.0,1.0,1.0,1.82,3.0,1.0,4.0,3.0,3.0,143.0,5.0,17.0,7
21.0,1.0,2.0,1.0,1.0,1.74,3.0,1.0,4.0,3.0,2.0,150.0,5.0,16.0,7
18.0,1.0,2.0,1.0,1.0,1.74,3.0,1.0,4.0,3.0,2.0,133.0,3.0,16.0,7
22.0,1.0,2.0,1.0,1.0,1.75,3.0,1.0,2.0,3.0,3.0,134.0,5.0,15.0,7
22.0,1.0,2.0,1.0,1.0,1.75,3.0,1.0,2.0,3.0,3.0,134.0,5.0,15.0,7
24.0,1.0,1.0,1.0,1.0,1.676,3.0,1.0,0.0,3.0,3.0,113.0,5.0,12.0,7
25.0,1.0,1.0,1.0,1.0,1.67,3.0,1.0,0.0,3.0,3.0,113.0,5.0,12.0,7
26.0,1.0,1.0,1.0,1.0,1.67,3.0,1.0,0.0,3.0,3.0,112.0,5.0,12.0,7
26.0,1.0,1.0,1.0,1.0,1.63,3.0,1.0,0.0,3.0,3.0,112.0,5.0,12.0,7
26.0,1.0,1.0,1.0,1.0,1.63,3.0,1.0,0.0,3.0,3.0,112.0,5.0,12.0,7
26.0,1.0,1.0,1.0,1.0,1.64,3.0,1.0,0.0,3.0,3.0,112.0,5.0,12.0,7
26.0,1.0,1.0,1.0,1.0,1.65,3.0,1.0,0.0,3.0,3.0,112.0,5.0,12.0,7
26.0,1.0,1.0,1.0,1.0,1.64,3.0,1.0,0.0,3.0,3.0,107.0,4.0,12.0,7
26.0,1.0,2.0,1.0,1.0,1.63,3.0,1.0,0.0,3.0,2.0,105.0,4.0,12.0,7
26.0,1.0,2.0,1.0,1.0,1.63,3.0,1.0,0.0,3.0,2.0,105.0,4.0,12.0,7
26.0,1.0,2.0,1.0,1.0,1.61,3.0,1.0,0.0,3.0,2.0,105.0,5.0,12.0,7
26.0,1.0,1.0,1.0,1.0,1.63,3.0,1.0,0.0,3.0,2.0,107.0,5.0,11.0,7
26.0,1.0,1.0,1.0,1.0,1.63,3.0,1.0,0.0,3.0,2.0,108.0,5.0,11.0,7
21.0,1.0,2.0,1.0,1.0,1.72,3.0,1.0,4.0,3.0,2.0,133.0,5.0,16.0,7
22.0,1.0,2.0,1.0,1.0,1.73,3.0,1.0,4.0,3.0,2.0,133.0,5.0,16.0,7
21.0,1.0,2.0,1.0,1.0,1.73,3.0,1.0,4.0,3.0,2.0,131.0,5.0,16.0,7
22.0,1.0,2.0,1.0,1.0,1.75,3.0,1.0,2.0,3.0,2.0,134.0,5.0,14.0,7
23.0,1.0,2.0,1.0,1.0,1.75,3.0,1.0,2.0,3.0,2.0,134.0,5.0,14.0,7
24.0,1.0,2.0,1.0,1.0,1.74,3.0,1.0,2.0,3.0,3.0,133.0,5.0,15.0,7
24.0,1.0,2.0,1.0,1.0,1.74,3.0,1.0,2.0,3.0,3.0,133.0,5.0,15.0,7
